[<<immutable-hcontext>>, org.mybatis.jpetstore.domain.Order::MockObject]	<org.mybatis.jpetstore.domain.Order: void initOrder(org.mybatis.jpetstore.domain.Account,org.mybatis.jpetstore.domain.Cart)>/assign/instruction2	[<<immutable-context>>, <<immutable-context>>]	<org.mybatis.jpetstore.web.actions.OrderActionBean: net.sourceforge.stripes.action.Resolution newOrderForm()>/org.mybatis.jpetstore.web.actions.AccountActionBean.getAccount/0	org.mybatis.jpetstore.domain.Account
[<<immutable-context>>, <org.mybatis.jpetstore.web.actions.OrderActionBean: void <init>()>/new org.mybatis.jpetstore.domain.Order/0]	<org.mybatis.jpetstore.domain.Order: void initOrder(org.mybatis.jpetstore.domain.Account,org.mybatis.jpetstore.domain.Cart)>/assign/instruction2	[<<immutable-context>>, <<immutable-context>>]	<org.mybatis.jpetstore.web.actions.OrderActionBean: net.sourceforge.stripes.action.Resolution newOrderForm()>/org.mybatis.jpetstore.web.actions.AccountActionBean.getAccount/0	org.mybatis.jpetstore.domain.Account
[<<immutable-context>>, <org.mybatis.jpetstore.web.actions.OrderActionBean: void clear()>/new org.mybatis.jpetstore.domain.Order/0]	<org.mybatis.jpetstore.domain.Order: void initOrder(org.mybatis.jpetstore.domain.Account,org.mybatis.jpetstore.domain.Cart)>/assign/instruction2	[<<immutable-context>>, <<immutable-context>>]	<org.mybatis.jpetstore.web.actions.OrderActionBean: net.sourceforge.stripes.action.Resolution newOrderForm()>/org.mybatis.jpetstore.web.actions.AccountActionBean.getAccount/0	org.mybatis.jpetstore.domain.Account
[org.mybatis.jpetstore.web.actions.OrderActionBean::MockObject, <org.mybatis.jpetstore.web.actions.OrderActionBean: void clear()>/new org.mybatis.jpetstore.domain.Order/0]	<org.mybatis.jpetstore.domain.Order: void initOrder(org.mybatis.jpetstore.domain.Account,org.mybatis.jpetstore.domain.Cart)>/assign/instruction2	[<<immutable-context>>, <<immutable-context>>]	<org.mybatis.jpetstore.web.actions.OrderActionBean: net.sourceforge.stripes.action.Resolution newOrderForm()>/org.mybatis.jpetstore.web.actions.AccountActionBean.getAccount/0	org.mybatis.jpetstore.domain.Account
[<<immutable-hcontext>>, org.mybatis.jpetstore.domain.Order::MockObject]	<org.mybatis.jpetstore.domain.Order: void initOrder(org.mybatis.jpetstore.domain.Account,org.mybatis.jpetstore.domain.Cart)>/assign/instruction3	[<<immutable-context>>, <<immutable-context>>]	<org.mybatis.jpetstore.web.actions.OrderActionBean: net.sourceforge.stripes.action.Resolution newOrderForm()>/org.mybatis.jpetstore.web.actions.CartActionBean.getCart/0	org.mybatis.jpetstore.domain.Cart
[<<immutable-context>>, <org.mybatis.jpetstore.web.actions.OrderActionBean: void <init>()>/new org.mybatis.jpetstore.domain.Order/0]	<org.mybatis.jpetstore.domain.Order: void initOrder(org.mybatis.jpetstore.domain.Account,org.mybatis.jpetstore.domain.Cart)>/assign/instruction3	[<<immutable-context>>, <<immutable-context>>]	<org.mybatis.jpetstore.web.actions.OrderActionBean: net.sourceforge.stripes.action.Resolution newOrderForm()>/org.mybatis.jpetstore.web.actions.CartActionBean.getCart/0	org.mybatis.jpetstore.domain.Cart
[<<immutable-context>>, <org.mybatis.jpetstore.web.actions.OrderActionBean: void clear()>/new org.mybatis.jpetstore.domain.Order/0]	<org.mybatis.jpetstore.domain.Order: void initOrder(org.mybatis.jpetstore.domain.Account,org.mybatis.jpetstore.domain.Cart)>/assign/instruction3	[<<immutable-context>>, <<immutable-context>>]	<org.mybatis.jpetstore.web.actions.OrderActionBean: net.sourceforge.stripes.action.Resolution newOrderForm()>/org.mybatis.jpetstore.web.actions.CartActionBean.getCart/0	org.mybatis.jpetstore.domain.Cart
[org.mybatis.jpetstore.web.actions.OrderActionBean::MockObject, <org.mybatis.jpetstore.web.actions.OrderActionBean: void clear()>/new org.mybatis.jpetstore.domain.Order/0]	<org.mybatis.jpetstore.domain.Order: void initOrder(org.mybatis.jpetstore.domain.Account,org.mybatis.jpetstore.domain.Cart)>/assign/instruction3	[<<immutable-context>>, <<immutable-context>>]	<org.mybatis.jpetstore.web.actions.OrderActionBean: net.sourceforge.stripes.action.Resolution newOrderForm()>/org.mybatis.jpetstore.web.actions.CartActionBean.getCart/0	org.mybatis.jpetstore.domain.Cart
[<<immutable-hcontext>>, org.mybatis.jpetstore.domain.Cart::MockObject]	<org.mybatis.jpetstore.domain.Cart: void addItem(org.mybatis.jpetstore.domain.Item,boolean)>/assign/instruction3	[<<immutable-context>>, <<immutable-context>>]	<org.mybatis.jpetstore.web.actions.CartActionBean: net.sourceforge.stripes.action.Resolution addItemToCart()>/org.mybatis.jpetstore.service.CatalogService.isItemInStock/0	boolean
[<<immutable-context>>, <org.mybatis.jpetstore.web.actions.CartActionBean: void clear()>/new org.mybatis.jpetstore.domain.Cart/0]	<org.mybatis.jpetstore.domain.Cart: void addItem(org.mybatis.jpetstore.domain.Item,boolean)>/assign/instruction3	[<<immutable-context>>, <<immutable-context>>]	<org.mybatis.jpetstore.web.actions.CartActionBean: net.sourceforge.stripes.action.Resolution addItemToCart()>/org.mybatis.jpetstore.service.CatalogService.isItemInStock/0	boolean
[<<immutable-context>>, <org.mybatis.jpetstore.web.actions.CartActionBean: void <init>()>/new org.mybatis.jpetstore.domain.Cart/0]	<org.mybatis.jpetstore.domain.Cart: void addItem(org.mybatis.jpetstore.domain.Item,boolean)>/assign/instruction3	[<<immutable-context>>, <<immutable-context>>]	<org.mybatis.jpetstore.web.actions.CartActionBean: net.sourceforge.stripes.action.Resolution addItemToCart()>/org.mybatis.jpetstore.service.CatalogService.isItemInStock/0	boolean
[<<immutable-hcontext>>, org.mybatis.jpetstore.domain.Cart::MockObject]	<org.mybatis.jpetstore.domain.Cart: void addItem(org.mybatis.jpetstore.domain.Item,boolean)>/assign/instruction2	[<<immutable-context>>, <<immutable-context>>]	<org.mybatis.jpetstore.web.actions.CartActionBean: net.sourceforge.stripes.action.Resolution addItemToCart()>/org.mybatis.jpetstore.service.CatalogService.getItem/0	org.mybatis.jpetstore.domain.Item
[<<immutable-context>>, <org.mybatis.jpetstore.web.actions.CartActionBean: void clear()>/new org.mybatis.jpetstore.domain.Cart/0]	<org.mybatis.jpetstore.domain.Cart: void addItem(org.mybatis.jpetstore.domain.Item,boolean)>/assign/instruction2	[<<immutable-context>>, <<immutable-context>>]	<org.mybatis.jpetstore.web.actions.CartActionBean: net.sourceforge.stripes.action.Resolution addItemToCart()>/org.mybatis.jpetstore.service.CatalogService.getItem/0	org.mybatis.jpetstore.domain.Item
[<<immutable-context>>, <org.mybatis.jpetstore.web.actions.CartActionBean: void <init>()>/new org.mybatis.jpetstore.domain.Cart/0]	<org.mybatis.jpetstore.domain.Cart: void addItem(org.mybatis.jpetstore.domain.Item,boolean)>/assign/instruction2	[<<immutable-context>>, <<immutable-context>>]	<org.mybatis.jpetstore.web.actions.CartActionBean: net.sourceforge.stripes.action.Resolution addItemToCart()>/org.mybatis.jpetstore.service.CatalogService.getItem/0	org.mybatis.jpetstore.domain.Item
[<<immutable-hcontext>>, org.mybatis.jpetstore.domain.Cart::MockObject]	<org.mybatis.jpetstore.domain.Cart: void setQuantityByItemId(java.lang.String,int)>/assign/instruction2	[<<immutable-context>>, <<immutable-context>>]	<org.mybatis.jpetstore.web.actions.CartActionBean: net.sourceforge.stripes.action.Resolution updateCartQuantities()>/org.mybatis.jpetstore.domain.Item.getItemId/0	java.lang.String
[<<immutable-context>>, <org.mybatis.jpetstore.web.actions.CartActionBean: void clear()>/new org.mybatis.jpetstore.domain.Cart/0]	<org.mybatis.jpetstore.domain.Cart: void setQuantityByItemId(java.lang.String,int)>/assign/instruction2	[<<immutable-context>>, <<immutable-context>>]	<org.mybatis.jpetstore.web.actions.CartActionBean: net.sourceforge.stripes.action.Resolution updateCartQuantities()>/org.mybatis.jpetstore.domain.Item.getItemId/0	java.lang.String
[<<immutable-context>>, <org.mybatis.jpetstore.web.actions.CartActionBean: void <init>()>/new org.mybatis.jpetstore.domain.Cart/0]	<org.mybatis.jpetstore.domain.Cart: void setQuantityByItemId(java.lang.String,int)>/assign/instruction2	[<<immutable-context>>, <<immutable-context>>]	<org.mybatis.jpetstore.web.actions.CartActionBean: net.sourceforge.stripes.action.Resolution updateCartQuantities()>/org.mybatis.jpetstore.domain.Item.getItemId/0	java.lang.String
[<<immutable-hcontext>>, org.mybatis.jpetstore.domain.Cart::MockObject]	<org.mybatis.jpetstore.domain.Cart: void setQuantityByItemId(java.lang.String,int)>/assign/instruction3	[<<immutable-context>>, <<immutable-context>>]	<org.mybatis.jpetstore.web.actions.CartActionBean: net.sourceforge.stripes.action.Resolution updateCartQuantities()>/java.lang.Integer.parseInt/0	int
[<<immutable-context>>, <org.mybatis.jpetstore.web.actions.CartActionBean: void clear()>/new org.mybatis.jpetstore.domain.Cart/0]	<org.mybatis.jpetstore.domain.Cart: void setQuantityByItemId(java.lang.String,int)>/assign/instruction3	[<<immutable-context>>, <<immutable-context>>]	<org.mybatis.jpetstore.web.actions.CartActionBean: net.sourceforge.stripes.action.Resolution updateCartQuantities()>/java.lang.Integer.parseInt/0	int
[<<immutable-context>>, <org.mybatis.jpetstore.web.actions.CartActionBean: void <init>()>/new org.mybatis.jpetstore.domain.Cart/0]	<org.mybatis.jpetstore.domain.Cart: void setQuantityByItemId(java.lang.String,int)>/assign/instruction3	[<<immutable-context>>, <<immutable-context>>]	<org.mybatis.jpetstore.web.actions.CartActionBean: net.sourceforge.stripes.action.Resolution updateCartQuantities()>/java.lang.Integer.parseInt/0	int
[<<immutable-hcontext>>, org.mybatis.jpetstore.web.actions.AccountActionBean::MockObject]	<org.mybatis.jpetstore.web.actions.AbstractActionBean: void setMessage(java.lang.String)>/assign/instruction2	[<<immutable-context>>, <<immutable-context>>]	<org.mybatis.jpetstore.web.actions.AccountActionBean: net.sourceforge.stripes.action.Resolution signon()>/assign/instruction9	java.lang.String
[<<immutable-hcontext>>, org.mybatis.jpetstore.web.actions.CatalogActionBean::MockObject]	<org.mybatis.jpetstore.web.actions.AbstractActionBean: void setMessage(java.lang.String)>/assign/instruction2	[<<immutable-context>>, <<immutable-context>>]	<org.mybatis.jpetstore.web.actions.CatalogActionBean: net.sourceforge.stripes.action.ForwardResolution searchProducts()>/invoke/instruction8	java.lang.String
[<<immutable-hcontext>>, org.mybatis.jpetstore.web.actions.OrderActionBean::MockObject]	<org.mybatis.jpetstore.web.actions.AbstractActionBean: void setMessage(java.lang.String)>/assign/instruction2	[<<immutable-context>>, <<immutable-context>>]	<org.mybatis.jpetstore.web.actions.OrderActionBean: net.sourceforge.stripes.action.Resolution newOrderForm()>/invoke/instruction14	java.lang.String
[<<immutable-hcontext>>, org.mybatis.jpetstore.web.actions.OrderActionBean::MockObject]	<org.mybatis.jpetstore.web.actions.AbstractActionBean: void setMessage(java.lang.String)>/assign/instruction2	[<<immutable-context>>, <<immutable-context>>]	<org.mybatis.jpetstore.web.actions.OrderActionBean: net.sourceforge.stripes.action.Resolution newOrderForm()>/invoke/instruction31	java.lang.String
[<<immutable-hcontext>>, org.mybatis.jpetstore.web.actions.OrderActionBean::MockObject]	<org.mybatis.jpetstore.web.actions.AbstractActionBean: void setMessage(java.lang.String)>/assign/instruction2	[<<immutable-context>>, <<immutable-context>>]	<org.mybatis.jpetstore.web.actions.OrderActionBean: net.sourceforge.stripes.action.Resolution newOrder()>/invoke/instruction30	java.lang.String
[<<immutable-hcontext>>, org.mybatis.jpetstore.web.actions.OrderActionBean::MockObject]	<org.mybatis.jpetstore.web.actions.AbstractActionBean: void setMessage(java.lang.String)>/assign/instruction2	[<<immutable-context>>, <<immutable-context>>]	<org.mybatis.jpetstore.web.actions.OrderActionBean: net.sourceforge.stripes.action.Resolution newOrder()>/invoke/instruction37	java.lang.String
[<<immutable-hcontext>>, org.mybatis.jpetstore.web.actions.OrderActionBean::MockObject]	<org.mybatis.jpetstore.web.actions.AbstractActionBean: void setMessage(java.lang.String)>/assign/instruction2	[<<immutable-context>>, <<immutable-context>>]	<org.mybatis.jpetstore.web.actions.OrderActionBean: net.sourceforge.stripes.action.Resolution viewOrder()>/invoke/instruction26	java.lang.String
[<<immutable-hcontext>>, org.mybatis.jpetstore.web.actions.CartActionBean::MockObject]	<org.mybatis.jpetstore.web.actions.AbstractActionBean: void setMessage(java.lang.String)>/assign/instruction2	[<<immutable-context>>, <<immutable-context>>]	<org.mybatis.jpetstore.web.actions.CartActionBean: net.sourceforge.stripes.action.Resolution removeItemFromCart()>/invoke/instruction7	java.lang.String
[<<immutable-context>>, <org.mybatis.jpetstore.web.actions.AccountActionBean: void <init>()>/new org.mybatis.jpetstore.domain.Account/0]	<org.mybatis.jpetstore.domain.Account: void setUsername(java.lang.String)>/assign/instruction2	[<<immutable-context>>, <<immutable-context>>]	<org.mybatis.jpetstore.web.actions.AccountActionBean: void setUsername(java.lang.String)>/assign/instruction2	java.lang.String
[<<immutable-context>>, <org.mybatis.jpetstore.web.actions.AccountActionBean: void clear()>/new org.mybatis.jpetstore.domain.Account/0]	<org.mybatis.jpetstore.domain.Account: void setUsername(java.lang.String)>/assign/instruction2	[<<immutable-context>>, <<immutable-context>>]	<org.mybatis.jpetstore.web.actions.AccountActionBean: void setUsername(java.lang.String)>/assign/instruction2	java.lang.String
[org.mybatis.jpetstore.web.actions.AccountActionBean::MockObject, <org.mybatis.jpetstore.web.actions.AccountActionBean: void clear()>/new org.mybatis.jpetstore.domain.Account/0]	<org.mybatis.jpetstore.domain.Account: void setUsername(java.lang.String)>/assign/instruction2	[<<immutable-context>>, <<immutable-context>>]	<org.mybatis.jpetstore.web.actions.AccountActionBean: void setUsername(java.lang.String)>/assign/instruction2	java.lang.String
[<<immutable-context>>, <org.mybatis.jpetstore.web.actions.AccountActionBean: void <init>()>/new org.mybatis.jpetstore.domain.Account/0]	<org.mybatis.jpetstore.domain.Account: void setPassword(java.lang.String)>/assign/instruction2	[<<immutable-context>>, <<immutable-context>>]	<org.mybatis.jpetstore.web.actions.AccountActionBean: void setPassword(java.lang.String)>/assign/instruction2	java.lang.String
[<<immutable-context>>, <org.mybatis.jpetstore.web.actions.AccountActionBean: void clear()>/new org.mybatis.jpetstore.domain.Account/0]	<org.mybatis.jpetstore.domain.Account: void setPassword(java.lang.String)>/assign/instruction2	[<<immutable-context>>, <<immutable-context>>]	<org.mybatis.jpetstore.web.actions.AccountActionBean: void setPassword(java.lang.String)>/assign/instruction2	java.lang.String
[org.mybatis.jpetstore.web.actions.AccountActionBean::MockObject, <org.mybatis.jpetstore.web.actions.AccountActionBean: void clear()>/new org.mybatis.jpetstore.domain.Account/0]	<org.mybatis.jpetstore.domain.Account: void setPassword(java.lang.String)>/assign/instruction2	[<<immutable-context>>, <<immutable-context>>]	<org.mybatis.jpetstore.web.actions.AccountActionBean: void setPassword(java.lang.String)>/assign/instruction2	java.lang.String
[<<immutable-hcontext>>, org.mybatis.jpetstore.domain.Order::MockObject]	<org.mybatis.jpetstore.domain.Order: void setOrderId(int)>/assign/instruction2	[<<immutable-context>>, <<immutable-context>>]	<org.mybatis.jpetstore.web.actions.OrderActionBean: void setOrderId(int)>/assign/instruction2	int
[<<immutable-context>>, <org.mybatis.jpetstore.web.actions.OrderActionBean: void <init>()>/new org.mybatis.jpetstore.domain.Order/0]	<org.mybatis.jpetstore.domain.Order: void setOrderId(int)>/assign/instruction2	[<<immutable-context>>, <<immutable-context>>]	<org.mybatis.jpetstore.web.actions.OrderActionBean: void setOrderId(int)>/assign/instruction2	int
[<<immutable-context>>, <org.mybatis.jpetstore.web.actions.OrderActionBean: void clear()>/new org.mybatis.jpetstore.domain.Order/0]	<org.mybatis.jpetstore.domain.Order: void setOrderId(int)>/assign/instruction2	[<<immutable-context>>, <<immutable-context>>]	<org.mybatis.jpetstore.web.actions.OrderActionBean: void setOrderId(int)>/assign/instruction2	int
[org.mybatis.jpetstore.web.actions.OrderActionBean::MockObject, <org.mybatis.jpetstore.web.actions.OrderActionBean: void clear()>/new org.mybatis.jpetstore.domain.Order/0]	<org.mybatis.jpetstore.domain.Order: void setOrderId(int)>/assign/instruction2	[<<immutable-context>>, <<immutable-context>>]	<org.mybatis.jpetstore.web.actions.OrderActionBean: void setOrderId(int)>/assign/instruction2	int
[<<immutable-context>>, <org.mybatis.jpetstore.web.actions.AccountActionBean: void <init>()>/new org.mybatis.jpetstore.domain.Account/0]	<org.mybatis.jpetstore.domain.Account: void setPassword(java.lang.String)>/assign/instruction2	[<<immutable-context>>, <<immutable-context>>]	<org.mybatis.jpetstore.web.actions.AccountActionBean: net.sourceforge.stripes.action.Resolution signon()>/invoke/instruction19	java.lang.String
[<<immutable-context>>, <org.mybatis.jpetstore.web.actions.AccountActionBean: void clear()>/new org.mybatis.jpetstore.domain.Account/0]	<org.mybatis.jpetstore.domain.Account: void setPassword(java.lang.String)>/assign/instruction2	[<<immutable-context>>, <<immutable-context>>]	<org.mybatis.jpetstore.web.actions.AccountActionBean: net.sourceforge.stripes.action.Resolution signon()>/invoke/instruction19	java.lang.String
[org.mybatis.jpetstore.web.actions.AccountActionBean::MockObject, <org.mybatis.jpetstore.web.actions.AccountActionBean: void clear()>/new org.mybatis.jpetstore.domain.Account/0]	<org.mybatis.jpetstore.domain.Account: void setPassword(java.lang.String)>/assign/instruction2	[<<immutable-context>>, <<immutable-context>>]	<org.mybatis.jpetstore.web.actions.AccountActionBean: net.sourceforge.stripes.action.Resolution signon()>/invoke/instruction19	java.lang.String
[<<immutable-hcontext>>, org.mybatis.jpetstore.domain.Cart::MockObject]	<org.mybatis.jpetstore.domain.Cart: boolean containsItemId(java.lang.String)>/assign/instruction2	[<<immutable-context>>, <<immutable-context>>]	<org.mybatis.jpetstore.web.actions.CartActionBean: net.sourceforge.stripes.action.Resolution addItemToCart()>/assign/instruction3	java.lang.String
[<<immutable-context>>, <org.mybatis.jpetstore.web.actions.CartActionBean: void clear()>/new org.mybatis.jpetstore.domain.Cart/0]	<org.mybatis.jpetstore.domain.Cart: boolean containsItemId(java.lang.String)>/assign/instruction2	[<<immutable-context>>, <<immutable-context>>]	<org.mybatis.jpetstore.web.actions.CartActionBean: net.sourceforge.stripes.action.Resolution addItemToCart()>/assign/instruction3	java.lang.String
[<<immutable-context>>, <org.mybatis.jpetstore.web.actions.CartActionBean: void <init>()>/new org.mybatis.jpetstore.domain.Cart/0]	<org.mybatis.jpetstore.domain.Cart: boolean containsItemId(java.lang.String)>/assign/instruction2	[<<immutable-context>>, <<immutable-context>>]	<org.mybatis.jpetstore.web.actions.CartActionBean: net.sourceforge.stripes.action.Resolution addItemToCart()>/assign/instruction3	java.lang.String
[<<immutable-hcontext>>, org.mybatis.jpetstore.domain.Cart::MockObject]	<org.mybatis.jpetstore.domain.Cart: void incrementQuantityByItemId(java.lang.String)>/assign/instruction2	[<<immutable-context>>, <<immutable-context>>]	<org.mybatis.jpetstore.web.actions.CartActionBean: net.sourceforge.stripes.action.Resolution addItemToCart()>/assign/instruction7	java.lang.String
[<<immutable-context>>, <org.mybatis.jpetstore.web.actions.CartActionBean: void clear()>/new org.mybatis.jpetstore.domain.Cart/0]	<org.mybatis.jpetstore.domain.Cart: void incrementQuantityByItemId(java.lang.String)>/assign/instruction2	[<<immutable-context>>, <<immutable-context>>]	<org.mybatis.jpetstore.web.actions.CartActionBean: net.sourceforge.stripes.action.Resolution addItemToCart()>/assign/instruction7	java.lang.String
[<<immutable-context>>, <org.mybatis.jpetstore.web.actions.CartActionBean: void <init>()>/new org.mybatis.jpetstore.domain.Cart/0]	<org.mybatis.jpetstore.domain.Cart: void incrementQuantityByItemId(java.lang.String)>/assign/instruction2	[<<immutable-context>>, <<immutable-context>>]	<org.mybatis.jpetstore.web.actions.CartActionBean: net.sourceforge.stripes.action.Resolution addItemToCart()>/assign/instruction7	java.lang.String
[<<immutable-hcontext>>, org.mybatis.jpetstore.domain.Cart::MockObject]	<org.mybatis.jpetstore.domain.Cart: org.mybatis.jpetstore.domain.Item removeItemById(java.lang.String)>/assign/instruction2	[<<immutable-context>>, <<immutable-context>>]	<org.mybatis.jpetstore.web.actions.CartActionBean: net.sourceforge.stripes.action.Resolution removeItemFromCart()>/assign/instruction3	java.lang.String
[<<immutable-context>>, <org.mybatis.jpetstore.web.actions.CartActionBean: void clear()>/new org.mybatis.jpetstore.domain.Cart/0]	<org.mybatis.jpetstore.domain.Cart: org.mybatis.jpetstore.domain.Item removeItemById(java.lang.String)>/assign/instruction2	[<<immutable-context>>, <<immutable-context>>]	<org.mybatis.jpetstore.web.actions.CartActionBean: net.sourceforge.stripes.action.Resolution removeItemFromCart()>/assign/instruction3	java.lang.String
[<<immutable-context>>, <org.mybatis.jpetstore.web.actions.CartActionBean: void <init>()>/new org.mybatis.jpetstore.domain.Cart/0]	<org.mybatis.jpetstore.domain.Cart: org.mybatis.jpetstore.domain.Item removeItemById(java.lang.String)>/assign/instruction2	[<<immutable-context>>, <<immutable-context>>]	<org.mybatis.jpetstore.web.actions.CartActionBean: net.sourceforge.stripes.action.Resolution removeItemFromCart()>/assign/instruction3	java.lang.String
[org.mybatis.jpetstore.domain.Cart::MockObject, <org.mybatis.jpetstore.domain.Cart: void addItem(org.mybatis.jpetstore.domain.Item,boolean)>/new org.mybatis.jpetstore.domain.CartItem/0]	<org.mybatis.jpetstore.domain.CartItem: void setItem(org.mybatis.jpetstore.domain.Item)>/assign/instruction2	[<<immutable-hcontext>>, org.mybatis.jpetstore.domain.Cart::MockObject]	<org.mybatis.jpetstore.domain.Cart: void addItem(org.mybatis.jpetstore.domain.Item,boolean)>/assign/instruction2	org.mybatis.jpetstore.domain.Item
[org.mybatis.jpetstore.domain.Cart::MockObject, <org.mybatis.jpetstore.domain.Cart: void addItem(org.mybatis.jpetstore.domain.Item,boolean)>/new org.mybatis.jpetstore.domain.CartItem/0]	<org.mybatis.jpetstore.domain.CartItem: void setInStock(boolean)>/assign/instruction2	[<<immutable-hcontext>>, org.mybatis.jpetstore.domain.Cart::MockObject]	<org.mybatis.jpetstore.domain.Cart: void addItem(org.mybatis.jpetstore.domain.Item,boolean)>/assign/instruction3	boolean
[org.mybatis.jpetstore.domain.Cart::MockObject, <org.mybatis.jpetstore.domain.Cart: void addItem(org.mybatis.jpetstore.domain.Item,boolean)>/new org.mybatis.jpetstore.domain.CartItem/0]	<org.mybatis.jpetstore.domain.CartItem: void setQuantity(int)>/assign/instruction2	[<<immutable-hcontext>>, org.mybatis.jpetstore.domain.Cart::MockObject]	<org.mybatis.jpetstore.domain.Cart: void addItem(org.mybatis.jpetstore.domain.Item,boolean)>/invoke/instruction14	int
[<<immutable-context>>, <<immutable-context>>]	<org.mybatis.jpetstore.web.actions.CartActionBean: net.sourceforge.stripes.action.Resolution updateCartQuantities()>/org.mybatis.jpetstore.domain.Cart.getAllCartItems/0	[<<immutable-hcontext>>, org.mybatis.jpetstore.domain.Cart::MockObject]	<org.mybatis.jpetstore.domain.Cart: java.util.Iterator getAllCartItems()>/return/instruction4	java.util.Iterator
[<<immutable-context>>, <<immutable-context>>]	<org.mybatis.jpetstore.web.actions.CartActionBean: net.sourceforge.stripes.action.Resolution addItemToCart()>/org.mybatis.jpetstore.domain.Cart.containsItemId/0	[<<immutable-hcontext>>, org.mybatis.jpetstore.domain.Cart::MockObject]	<org.mybatis.jpetstore.domain.Cart: boolean containsItemId(java.lang.String)>/return/instruction5	boolean
[<<immutable-context>>, <<immutable-context>>]	<org.mybatis.jpetstore.web.actions.CartActionBean: net.sourceforge.stripes.action.Resolution removeItemFromCart()>/org.mybatis.jpetstore.domain.Cart.removeItemById/0	[<<immutable-hcontext>>, org.mybatis.jpetstore.domain.Cart::MockObject]	<org.mybatis.jpetstore.domain.Cart: org.mybatis.jpetstore.domain.Item removeItemById(java.lang.String)>/return/instruction8	org.mybatis.jpetstore.domain.Item
[<<immutable-context>>, <<immutable-context>>]	<org.mybatis.jpetstore.web.actions.CartActionBean: net.sourceforge.stripes.action.Resolution removeItemFromCart()>/org.mybatis.jpetstore.domain.Cart.removeItemById/0	[<<immutable-hcontext>>, org.mybatis.jpetstore.domain.Cart::MockObject]	<org.mybatis.jpetstore.domain.Cart: org.mybatis.jpetstore.domain.Item removeItemById(java.lang.String)>/return/instruction12	org.mybatis.jpetstore.domain.Item
[<<immutable-context>>, <<immutable-context>>]	<org.mybatis.jpetstore.web.actions.AccountActionBean: net.sourceforge.stripes.action.Resolution signon()>/org.mybatis.jpetstore.web.actions.AccountActionBean.getUsername/0	[<<immutable-hcontext>>, org.mybatis.jpetstore.web.actions.AccountActionBean::MockObject]	<org.mybatis.jpetstore.web.actions.AccountActionBean: java.lang.String getUsername()>/return/instruction4	java.lang.String
[<<immutable-context>>, <<immutable-context>>]	<org.mybatis.jpetstore.web.actions.AccountActionBean: net.sourceforge.stripes.action.Resolution signon()>/org.mybatis.jpetstore.web.actions.AccountActionBean.getPassword/0	[<<immutable-hcontext>>, org.mybatis.jpetstore.web.actions.AccountActionBean::MockObject]	<org.mybatis.jpetstore.web.actions.AccountActionBean: java.lang.String getPassword()>/return/instruction4	java.lang.String
[<<immutable-context>>, <<immutable-context>>]	<org.mybatis.jpetstore.web.actions.OrderActionBean: net.sourceforge.stripes.action.Resolution newOrder()>/org.mybatis.jpetstore.web.actions.OrderActionBean.getOrder/0	[<<immutable-hcontext>>, org.mybatis.jpetstore.web.actions.OrderActionBean::MockObject]	<org.mybatis.jpetstore.web.actions.OrderActionBean: org.mybatis.jpetstore.domain.Order getOrder()>/return/instruction3	org.mybatis.jpetstore.domain.Order
[<<immutable-context>>, <<immutable-context>>]	<org.mybatis.jpetstore.web.actions.OrderActionBean: net.sourceforge.stripes.action.Resolution newOrder()>/org.mybatis.jpetstore.web.actions.OrderActionBean.isConfirmed/0	[<<immutable-hcontext>>, org.mybatis.jpetstore.web.actions.OrderActionBean::MockObject]	<org.mybatis.jpetstore.web.actions.OrderActionBean: boolean isConfirmed()>/return/instruction3	boolean
[<<immutable-context>>, <<immutable-context>>]	<org.mybatis.jpetstore.web.actions.CartActionBean: net.sourceforge.stripes.action.Resolution updateCartQuantities()>/org.mybatis.jpetstore.web.actions.CartActionBean.getCart/0	[<<immutable-hcontext>>, org.mybatis.jpetstore.web.actions.CartActionBean::MockObject]	<org.mybatis.jpetstore.web.actions.CartActionBean: org.mybatis.jpetstore.domain.Cart getCart()>/return/instruction3	org.mybatis.jpetstore.domain.Cart
[<<immutable-context>>, <<immutable-context>>]	<org.mybatis.jpetstore.web.actions.CartActionBean: net.sourceforge.stripes.action.Resolution updateCartQuantities()>/org.mybatis.jpetstore.web.actions.CartActionBean.getCart/1	[<<immutable-hcontext>>, org.mybatis.jpetstore.web.actions.CartActionBean::MockObject]	<org.mybatis.jpetstore.web.actions.CartActionBean: org.mybatis.jpetstore.domain.Cart getCart()>/return/instruction3	org.mybatis.jpetstore.domain.Cart
[org.mybatis.jpetstore.domain.Order::MockObject, <org.mybatis.jpetstore.domain.Order: void addLineItem(org.mybatis.jpetstore.domain.CartItem)>/new org.mybatis.jpetstore.domain.LineItem/0]	<org.mybatis.jpetstore.domain.LineItem: void <init>(int,org.mybatis.jpetstore.domain.CartItem)>/assign/instruction2	[<<immutable-hcontext>>, org.mybatis.jpetstore.domain.Order::MockObject]	<org.mybatis.jpetstore.domain.Order: void addLineItem(org.mybatis.jpetstore.domain.CartItem)>/assign/instruction6	int
[<<immutable-hcontext>>, org.mybatis.jpetstore.domain.Order::MockObject]	<org.mybatis.jpetstore.domain.Order: void addLineItem(org.mybatis.jpetstore.domain.CartItem)>/assign/instruction2	[<<immutable-hcontext>>, org.mybatis.jpetstore.domain.Order::MockObject]	<org.mybatis.jpetstore.domain.Order: void initOrder(org.mybatis.jpetstore.domain.Account,org.mybatis.jpetstore.domain.Cart)>/assign-cast/instruction59	org.mybatis.jpetstore.domain.CartItem
[org.mybatis.jpetstore.domain.Order::MockObject, <org.mybatis.jpetstore.domain.Order: void addLineItem(org.mybatis.jpetstore.domain.CartItem)>/new org.mybatis.jpetstore.domain.LineItem/0]	<org.mybatis.jpetstore.domain.LineItem: void <init>(int,org.mybatis.jpetstore.domain.CartItem)>/assign/instruction3	[<<immutable-hcontext>>, org.mybatis.jpetstore.domain.Order::MockObject]	<org.mybatis.jpetstore.domain.Order: void addLineItem(org.mybatis.jpetstore.domain.CartItem)>/assign/instruction2	org.mybatis.jpetstore.domain.CartItem
[<<immutable-hcontext>>, org.mybatis.jpetstore.domain.Order::MockObject]	<org.mybatis.jpetstore.domain.Order: void addLineItem(org.mybatis.jpetstore.domain.LineItem)>/assign/instruction2	[<<immutable-hcontext>>, org.mybatis.jpetstore.domain.Order::MockObject]	<org.mybatis.jpetstore.domain.Order: void addLineItem(org.mybatis.jpetstore.domain.CartItem)>/assign/instruction8	org.mybatis.jpetstore.domain.LineItem
[<<immutable-context>>, <<immutable-context>>]	<org.mybatis.jpetstore.web.actions.OrderActionBean: int getOrderId()>/org.mybatis.jpetstore.domain.Order.getOrderId/0	[<<immutable-hcontext>>, org.mybatis.jpetstore.domain.Order::MockObject]	<org.mybatis.jpetstore.domain.Order: int getOrderId()>/return/instruction3	int
[<<immutable-context>>, <<immutable-context>>]	<org.mybatis.jpetstore.web.actions.OrderActionBean: net.sourceforge.stripes.action.Resolution viewOrder()>/org.mybatis.jpetstore.domain.Order.getOrderId/0	[<<immutable-hcontext>>, org.mybatis.jpetstore.domain.Order::MockObject]	<org.mybatis.jpetstore.domain.Order: int getOrderId()>/return/instruction3	int
[<<immutable-context>>, <<immutable-context>>]	<org.mybatis.jpetstore.web.actions.OrderActionBean: net.sourceforge.stripes.action.Resolution viewOrder()>/org.mybatis.jpetstore.domain.Order.getUsername/0	[<<immutable-hcontext>>, org.mybatis.jpetstore.domain.Order::MockObject]	<org.mybatis.jpetstore.domain.Order: java.lang.String getUsername()>/return/instruction3	java.lang.String
[<<immutable-context>>, <<immutable-context>>]	<org.mybatis.jpetstore.web.actions.CatalogActionBean: net.sourceforge.stripes.action.ForwardResolution viewItem()>/org.mybatis.jpetstore.domain.Item.getProduct/0	[<<immutable-hcontext>>, org.mybatis.jpetstore.domain.Item::MockObject]	<org.mybatis.jpetstore.domain.Item: org.mybatis.jpetstore.domain.Product getProduct()>/return/instruction3	org.mybatis.jpetstore.domain.Product
[<<immutable-context>>, <<immutable-context>>]	<org.mybatis.jpetstore.web.actions.AccountActionBean: java.lang.String getUsername()>/org.mybatis.jpetstore.domain.Account.getUsername/0	[<<immutable-context>>, <org.mybatis.jpetstore.web.actions.AccountActionBean: void <init>()>/new org.mybatis.jpetstore.domain.Account/0]	<org.mybatis.jpetstore.domain.Account: java.lang.String getUsername()>/return/instruction3	java.lang.String
[<<immutable-context>>, <<immutable-context>>]	<org.mybatis.jpetstore.web.actions.AccountActionBean: net.sourceforge.stripes.action.Resolution newAccount()>/org.mybatis.jpetstore.domain.Account.getUsername/0	[<<immutable-context>>, <org.mybatis.jpetstore.web.actions.AccountActionBean: void <init>()>/new org.mybatis.jpetstore.domain.Account/0]	<org.mybatis.jpetstore.domain.Account: java.lang.String getUsername()>/return/instruction3	java.lang.String
[<<immutable-context>>, <<immutable-context>>]	<org.mybatis.jpetstore.web.actions.AccountActionBean: net.sourceforge.stripes.action.Resolution editAccount()>/org.mybatis.jpetstore.domain.Account.getUsername/0	[<<immutable-context>>, <org.mybatis.jpetstore.web.actions.AccountActionBean: void <init>()>/new org.mybatis.jpetstore.domain.Account/0]	<org.mybatis.jpetstore.domain.Account: java.lang.String getUsername()>/return/instruction3	java.lang.String
[<<immutable-context>>, <<immutable-context>>]	<org.mybatis.jpetstore.web.actions.AccountActionBean: boolean isAuthenticated()>/org.mybatis.jpetstore.domain.Account.getUsername/0	[<<immutable-context>>, <org.mybatis.jpetstore.web.actions.AccountActionBean: void <init>()>/new org.mybatis.jpetstore.domain.Account/0]	<org.mybatis.jpetstore.domain.Account: java.lang.String getUsername()>/return/instruction3	java.lang.String
[<<immutable-hcontext>>, org.mybatis.jpetstore.web.actions.AccountActionBean::MockObject]	<org.mybatis.jpetstore.web.actions.AccountActionBean: java.lang.String getUsername()>/org.mybatis.jpetstore.domain.Account.getUsername/0	[<<immutable-context>>, <org.mybatis.jpetstore.web.actions.AccountActionBean: void <init>()>/new org.mybatis.jpetstore.domain.Account/0]	<org.mybatis.jpetstore.domain.Account: java.lang.String getUsername()>/return/instruction3	java.lang.String
[<<immutable-context>>, <<immutable-context>>]	<org.mybatis.jpetstore.web.actions.AccountActionBean: java.lang.String getPassword()>/org.mybatis.jpetstore.domain.Account.getPassword/0	[<<immutable-context>>, <org.mybatis.jpetstore.web.actions.AccountActionBean: void <init>()>/new org.mybatis.jpetstore.domain.Account/0]	<org.mybatis.jpetstore.domain.Account: java.lang.String getPassword()>/return/instruction3	java.lang.String
[<<immutable-hcontext>>, org.mybatis.jpetstore.web.actions.AccountActionBean::MockObject]	<org.mybatis.jpetstore.web.actions.AccountActionBean: java.lang.String getPassword()>/org.mybatis.jpetstore.domain.Account.getPassword/0	[<<immutable-context>>, <org.mybatis.jpetstore.web.actions.AccountActionBean: void <init>()>/new org.mybatis.jpetstore.domain.Account/0]	<org.mybatis.jpetstore.domain.Account: java.lang.String getPassword()>/return/instruction3	java.lang.String
[<<immutable-context>>, <<immutable-context>>]	<org.mybatis.jpetstore.web.actions.AccountActionBean: net.sourceforge.stripes.action.Resolution newAccount()>/org.mybatis.jpetstore.domain.Account.getFavouriteCategoryId/0	[<<immutable-context>>, <org.mybatis.jpetstore.web.actions.AccountActionBean: void <init>()>/new org.mybatis.jpetstore.domain.Account/0]	<org.mybatis.jpetstore.domain.Account: java.lang.String getFavouriteCategoryId()>/return/instruction3	java.lang.String
[<<immutable-context>>, <<immutable-context>>]	<org.mybatis.jpetstore.web.actions.AccountActionBean: net.sourceforge.stripes.action.Resolution editAccount()>/org.mybatis.jpetstore.domain.Account.getFavouriteCategoryId/0	[<<immutable-context>>, <org.mybatis.jpetstore.web.actions.AccountActionBean: void <init>()>/new org.mybatis.jpetstore.domain.Account/0]	<org.mybatis.jpetstore.domain.Account: java.lang.String getFavouriteCategoryId()>/return/instruction3	java.lang.String
[<<immutable-context>>, <<immutable-context>>]	<org.mybatis.jpetstore.web.actions.AccountActionBean: net.sourceforge.stripes.action.Resolution signon()>/org.mybatis.jpetstore.domain.Account.getFavouriteCategoryId/0	[<<immutable-context>>, <org.mybatis.jpetstore.web.actions.AccountActionBean: void <init>()>/new org.mybatis.jpetstore.domain.Account/0]	<org.mybatis.jpetstore.domain.Account: java.lang.String getFavouriteCategoryId()>/return/instruction3	java.lang.String
[<<immutable-context>>, <<immutable-context>>]	<org.mybatis.jpetstore.web.actions.AccountActionBean: java.lang.String getUsername()>/org.mybatis.jpetstore.domain.Account.getUsername/0	[<<immutable-context>>, <org.mybatis.jpetstore.web.actions.AccountActionBean: void clear()>/new org.mybatis.jpetstore.domain.Account/0]	<org.mybatis.jpetstore.domain.Account: java.lang.String getUsername()>/return/instruction3	java.lang.String
[<<immutable-context>>, <<immutable-context>>]	<org.mybatis.jpetstore.web.actions.AccountActionBean: net.sourceforge.stripes.action.Resolution newAccount()>/org.mybatis.jpetstore.domain.Account.getUsername/0	[<<immutable-context>>, <org.mybatis.jpetstore.web.actions.AccountActionBean: void clear()>/new org.mybatis.jpetstore.domain.Account/0]	<org.mybatis.jpetstore.domain.Account: java.lang.String getUsername()>/return/instruction3	java.lang.String
[<<immutable-context>>, <<immutable-context>>]	<org.mybatis.jpetstore.web.actions.AccountActionBean: net.sourceforge.stripes.action.Resolution editAccount()>/org.mybatis.jpetstore.domain.Account.getUsername/0	[<<immutable-context>>, <org.mybatis.jpetstore.web.actions.AccountActionBean: void clear()>/new org.mybatis.jpetstore.domain.Account/0]	<org.mybatis.jpetstore.domain.Account: java.lang.String getUsername()>/return/instruction3	java.lang.String
[<<immutable-context>>, <<immutable-context>>]	<org.mybatis.jpetstore.web.actions.AccountActionBean: boolean isAuthenticated()>/org.mybatis.jpetstore.domain.Account.getUsername/0	[<<immutable-context>>, <org.mybatis.jpetstore.web.actions.AccountActionBean: void clear()>/new org.mybatis.jpetstore.domain.Account/0]	<org.mybatis.jpetstore.domain.Account: java.lang.String getUsername()>/return/instruction3	java.lang.String
[<<immutable-hcontext>>, org.mybatis.jpetstore.web.actions.AccountActionBean::MockObject]	<org.mybatis.jpetstore.web.actions.AccountActionBean: java.lang.String getUsername()>/org.mybatis.jpetstore.domain.Account.getUsername/0	[<<immutable-context>>, <org.mybatis.jpetstore.web.actions.AccountActionBean: void clear()>/new org.mybatis.jpetstore.domain.Account/0]	<org.mybatis.jpetstore.domain.Account: java.lang.String getUsername()>/return/instruction3	java.lang.String
[<<immutable-context>>, <<immutable-context>>]	<org.mybatis.jpetstore.web.actions.AccountActionBean: java.lang.String getPassword()>/org.mybatis.jpetstore.domain.Account.getPassword/0	[<<immutable-context>>, <org.mybatis.jpetstore.web.actions.AccountActionBean: void clear()>/new org.mybatis.jpetstore.domain.Account/0]	<org.mybatis.jpetstore.domain.Account: java.lang.String getPassword()>/return/instruction3	java.lang.String
[<<immutable-hcontext>>, org.mybatis.jpetstore.web.actions.AccountActionBean::MockObject]	<org.mybatis.jpetstore.web.actions.AccountActionBean: java.lang.String getPassword()>/org.mybatis.jpetstore.domain.Account.getPassword/0	[<<immutable-context>>, <org.mybatis.jpetstore.web.actions.AccountActionBean: void clear()>/new org.mybatis.jpetstore.domain.Account/0]	<org.mybatis.jpetstore.domain.Account: java.lang.String getPassword()>/return/instruction3	java.lang.String
[<<immutable-context>>, <<immutable-context>>]	<org.mybatis.jpetstore.web.actions.AccountActionBean: net.sourceforge.stripes.action.Resolution newAccount()>/org.mybatis.jpetstore.domain.Account.getFavouriteCategoryId/0	[<<immutable-context>>, <org.mybatis.jpetstore.web.actions.AccountActionBean: void clear()>/new org.mybatis.jpetstore.domain.Account/0]	<org.mybatis.jpetstore.domain.Account: java.lang.String getFavouriteCategoryId()>/return/instruction3	java.lang.String
[<<immutable-context>>, <<immutable-context>>]	<org.mybatis.jpetstore.web.actions.AccountActionBean: net.sourceforge.stripes.action.Resolution editAccount()>/org.mybatis.jpetstore.domain.Account.getFavouriteCategoryId/0	[<<immutable-context>>, <org.mybatis.jpetstore.web.actions.AccountActionBean: void clear()>/new org.mybatis.jpetstore.domain.Account/0]	<org.mybatis.jpetstore.domain.Account: java.lang.String getFavouriteCategoryId()>/return/instruction3	java.lang.String
[<<immutable-context>>, <<immutable-context>>]	<org.mybatis.jpetstore.web.actions.AccountActionBean: net.sourceforge.stripes.action.Resolution signon()>/org.mybatis.jpetstore.domain.Account.getFavouriteCategoryId/0	[<<immutable-context>>, <org.mybatis.jpetstore.web.actions.AccountActionBean: void clear()>/new org.mybatis.jpetstore.domain.Account/0]	<org.mybatis.jpetstore.domain.Account: java.lang.String getFavouriteCategoryId()>/return/instruction3	java.lang.String
[<org.mybatis.jpetstore.web.actions.OrderActionBean: void <init>()>/new org.mybatis.jpetstore.domain.Order/0, <org.mybatis.jpetstore.domain.Order: void addLineItem(org.mybatis.jpetstore.domain.CartItem)>/new org.mybatis.jpetstore.domain.LineItem/0]	<org.mybatis.jpetstore.domain.LineItem: void <init>(int,org.mybatis.jpetstore.domain.CartItem)>/assign/instruction2	[<<immutable-context>>, <org.mybatis.jpetstore.web.actions.OrderActionBean: void <init>()>/new org.mybatis.jpetstore.domain.Order/0]	<org.mybatis.jpetstore.domain.Order: void addLineItem(org.mybatis.jpetstore.domain.CartItem)>/assign/instruction6	int
[<<immutable-context>>, <org.mybatis.jpetstore.web.actions.OrderActionBean: void <init>()>/new org.mybatis.jpetstore.domain.Order/0]	<org.mybatis.jpetstore.domain.Order: void addLineItem(org.mybatis.jpetstore.domain.CartItem)>/assign/instruction2	[<<immutable-context>>, <org.mybatis.jpetstore.web.actions.OrderActionBean: void <init>()>/new org.mybatis.jpetstore.domain.Order/0]	<org.mybatis.jpetstore.domain.Order: void initOrder(org.mybatis.jpetstore.domain.Account,org.mybatis.jpetstore.domain.Cart)>/assign-cast/instruction59	org.mybatis.jpetstore.domain.CartItem
[<org.mybatis.jpetstore.web.actions.OrderActionBean: void <init>()>/new org.mybatis.jpetstore.domain.Order/0, <org.mybatis.jpetstore.domain.Order: void addLineItem(org.mybatis.jpetstore.domain.CartItem)>/new org.mybatis.jpetstore.domain.LineItem/0]	<org.mybatis.jpetstore.domain.LineItem: void <init>(int,org.mybatis.jpetstore.domain.CartItem)>/assign/instruction3	[<<immutable-context>>, <org.mybatis.jpetstore.web.actions.OrderActionBean: void <init>()>/new org.mybatis.jpetstore.domain.Order/0]	<org.mybatis.jpetstore.domain.Order: void addLineItem(org.mybatis.jpetstore.domain.CartItem)>/assign/instruction2	org.mybatis.jpetstore.domain.CartItem
[<<immutable-context>>, <org.mybatis.jpetstore.web.actions.OrderActionBean: void <init>()>/new org.mybatis.jpetstore.domain.Order/0]	<org.mybatis.jpetstore.domain.Order: void addLineItem(org.mybatis.jpetstore.domain.LineItem)>/assign/instruction2	[<<immutable-context>>, <org.mybatis.jpetstore.web.actions.OrderActionBean: void <init>()>/new org.mybatis.jpetstore.domain.Order/0]	<org.mybatis.jpetstore.domain.Order: void addLineItem(org.mybatis.jpetstore.domain.CartItem)>/assign/instruction8	org.mybatis.jpetstore.domain.LineItem
[<<immutable-context>>, <<immutable-context>>]	<org.mybatis.jpetstore.web.actions.OrderActionBean: int getOrderId()>/org.mybatis.jpetstore.domain.Order.getOrderId/0	[<<immutable-context>>, <org.mybatis.jpetstore.web.actions.OrderActionBean: void <init>()>/new org.mybatis.jpetstore.domain.Order/0]	<org.mybatis.jpetstore.domain.Order: int getOrderId()>/return/instruction3	int
[<<immutable-context>>, <<immutable-context>>]	<org.mybatis.jpetstore.web.actions.OrderActionBean: net.sourceforge.stripes.action.Resolution viewOrder()>/org.mybatis.jpetstore.domain.Order.getOrderId/0	[<<immutable-context>>, <org.mybatis.jpetstore.web.actions.OrderActionBean: void <init>()>/new org.mybatis.jpetstore.domain.Order/0]	<org.mybatis.jpetstore.domain.Order: int getOrderId()>/return/instruction3	int
[<<immutable-context>>, <<immutable-context>>]	<org.mybatis.jpetstore.web.actions.OrderActionBean: net.sourceforge.stripes.action.Resolution viewOrder()>/org.mybatis.jpetstore.domain.Order.getUsername/0	[<<immutable-context>>, <org.mybatis.jpetstore.web.actions.OrderActionBean: void <init>()>/new org.mybatis.jpetstore.domain.Order/0]	<org.mybatis.jpetstore.domain.Order: java.lang.String getUsername()>/return/instruction3	java.lang.String
[<org.mybatis.jpetstore.web.actions.CartActionBean: void clear()>/new org.mybatis.jpetstore.domain.Cart/0, <org.mybatis.jpetstore.domain.Cart: void addItem(org.mybatis.jpetstore.domain.Item,boolean)>/new org.mybatis.jpetstore.domain.CartItem/0]	<org.mybatis.jpetstore.domain.CartItem: void setItem(org.mybatis.jpetstore.domain.Item)>/assign/instruction2	[<<immutable-context>>, <org.mybatis.jpetstore.web.actions.CartActionBean: void clear()>/new org.mybatis.jpetstore.domain.Cart/0]	<org.mybatis.jpetstore.domain.Cart: void addItem(org.mybatis.jpetstore.domain.Item,boolean)>/assign/instruction2	org.mybatis.jpetstore.domain.Item
[<org.mybatis.jpetstore.web.actions.CartActionBean: void clear()>/new org.mybatis.jpetstore.domain.Cart/0, <org.mybatis.jpetstore.domain.Cart: void addItem(org.mybatis.jpetstore.domain.Item,boolean)>/new org.mybatis.jpetstore.domain.CartItem/0]	<org.mybatis.jpetstore.domain.CartItem: void setInStock(boolean)>/assign/instruction2	[<<immutable-context>>, <org.mybatis.jpetstore.web.actions.CartActionBean: void clear()>/new org.mybatis.jpetstore.domain.Cart/0]	<org.mybatis.jpetstore.domain.Cart: void addItem(org.mybatis.jpetstore.domain.Item,boolean)>/assign/instruction3	boolean
[<org.mybatis.jpetstore.web.actions.CartActionBean: void clear()>/new org.mybatis.jpetstore.domain.Cart/0, <org.mybatis.jpetstore.domain.Cart: void addItem(org.mybatis.jpetstore.domain.Item,boolean)>/new org.mybatis.jpetstore.domain.CartItem/0]	<org.mybatis.jpetstore.domain.CartItem: void setQuantity(int)>/assign/instruction2	[<<immutable-context>>, <org.mybatis.jpetstore.web.actions.CartActionBean: void clear()>/new org.mybatis.jpetstore.domain.Cart/0]	<org.mybatis.jpetstore.domain.Cart: void addItem(org.mybatis.jpetstore.domain.Item,boolean)>/invoke/instruction14	int
[<<immutable-context>>, <<immutable-context>>]	<org.mybatis.jpetstore.web.actions.CartActionBean: net.sourceforge.stripes.action.Resolution updateCartQuantities()>/org.mybatis.jpetstore.domain.Cart.getAllCartItems/0	[<<immutable-context>>, <org.mybatis.jpetstore.web.actions.CartActionBean: void clear()>/new org.mybatis.jpetstore.domain.Cart/0]	<org.mybatis.jpetstore.domain.Cart: java.util.Iterator getAllCartItems()>/return/instruction4	java.util.Iterator
[<<immutable-context>>, <<immutable-context>>]	<org.mybatis.jpetstore.web.actions.CartActionBean: net.sourceforge.stripes.action.Resolution addItemToCart()>/org.mybatis.jpetstore.domain.Cart.containsItemId/0	[<<immutable-context>>, <org.mybatis.jpetstore.web.actions.CartActionBean: void clear()>/new org.mybatis.jpetstore.domain.Cart/0]	<org.mybatis.jpetstore.domain.Cart: boolean containsItemId(java.lang.String)>/return/instruction5	boolean
[<<immutable-context>>, <<immutable-context>>]	<org.mybatis.jpetstore.web.actions.CartActionBean: net.sourceforge.stripes.action.Resolution removeItemFromCart()>/org.mybatis.jpetstore.domain.Cart.removeItemById/0	[<<immutable-context>>, <org.mybatis.jpetstore.web.actions.CartActionBean: void clear()>/new org.mybatis.jpetstore.domain.Cart/0]	<org.mybatis.jpetstore.domain.Cart: org.mybatis.jpetstore.domain.Item removeItemById(java.lang.String)>/return/instruction8	org.mybatis.jpetstore.domain.Item
[<<immutable-context>>, <<immutable-context>>]	<org.mybatis.jpetstore.web.actions.CartActionBean: net.sourceforge.stripes.action.Resolution removeItemFromCart()>/org.mybatis.jpetstore.domain.Cart.removeItemById/0	[<<immutable-context>>, <org.mybatis.jpetstore.web.actions.CartActionBean: void clear()>/new org.mybatis.jpetstore.domain.Cart/0]	<org.mybatis.jpetstore.domain.Cart: org.mybatis.jpetstore.domain.Item removeItemById(java.lang.String)>/return/instruction12	org.mybatis.jpetstore.domain.Item
[<<immutable-context>>, <<immutable-context>>]	<org.mybatis.jpetstore.web.actions.AccountActionBean: java.lang.String getUsername()>/org.mybatis.jpetstore.domain.Account.getUsername/0	[org.mybatis.jpetstore.web.actions.AccountActionBean::MockObject, <org.mybatis.jpetstore.web.actions.AccountActionBean: void clear()>/new org.mybatis.jpetstore.domain.Account/0]	<org.mybatis.jpetstore.domain.Account: java.lang.String getUsername()>/return/instruction3	java.lang.String
[<<immutable-context>>, <<immutable-context>>]	<org.mybatis.jpetstore.web.actions.AccountActionBean: net.sourceforge.stripes.action.Resolution newAccount()>/org.mybatis.jpetstore.domain.Account.getUsername/0	[org.mybatis.jpetstore.web.actions.AccountActionBean::MockObject, <org.mybatis.jpetstore.web.actions.AccountActionBean: void clear()>/new org.mybatis.jpetstore.domain.Account/0]	<org.mybatis.jpetstore.domain.Account: java.lang.String getUsername()>/return/instruction3	java.lang.String
[<<immutable-context>>, <<immutable-context>>]	<org.mybatis.jpetstore.web.actions.AccountActionBean: net.sourceforge.stripes.action.Resolution editAccount()>/org.mybatis.jpetstore.domain.Account.getUsername/0	[org.mybatis.jpetstore.web.actions.AccountActionBean::MockObject, <org.mybatis.jpetstore.web.actions.AccountActionBean: void clear()>/new org.mybatis.jpetstore.domain.Account/0]	<org.mybatis.jpetstore.domain.Account: java.lang.String getUsername()>/return/instruction3	java.lang.String
[<<immutable-context>>, <<immutable-context>>]	<org.mybatis.jpetstore.web.actions.AccountActionBean: boolean isAuthenticated()>/org.mybatis.jpetstore.domain.Account.getUsername/0	[org.mybatis.jpetstore.web.actions.AccountActionBean::MockObject, <org.mybatis.jpetstore.web.actions.AccountActionBean: void clear()>/new org.mybatis.jpetstore.domain.Account/0]	<org.mybatis.jpetstore.domain.Account: java.lang.String getUsername()>/return/instruction3	java.lang.String
[<<immutable-hcontext>>, org.mybatis.jpetstore.web.actions.AccountActionBean::MockObject]	<org.mybatis.jpetstore.web.actions.AccountActionBean: java.lang.String getUsername()>/org.mybatis.jpetstore.domain.Account.getUsername/0	[org.mybatis.jpetstore.web.actions.AccountActionBean::MockObject, <org.mybatis.jpetstore.web.actions.AccountActionBean: void clear()>/new org.mybatis.jpetstore.domain.Account/0]	<org.mybatis.jpetstore.domain.Account: java.lang.String getUsername()>/return/instruction3	java.lang.String
[<<immutable-context>>, <<immutable-context>>]	<org.mybatis.jpetstore.web.actions.AccountActionBean: java.lang.String getPassword()>/org.mybatis.jpetstore.domain.Account.getPassword/0	[org.mybatis.jpetstore.web.actions.AccountActionBean::MockObject, <org.mybatis.jpetstore.web.actions.AccountActionBean: void clear()>/new org.mybatis.jpetstore.domain.Account/0]	<org.mybatis.jpetstore.domain.Account: java.lang.String getPassword()>/return/instruction3	java.lang.String
[<<immutable-hcontext>>, org.mybatis.jpetstore.web.actions.AccountActionBean::MockObject]	<org.mybatis.jpetstore.web.actions.AccountActionBean: java.lang.String getPassword()>/org.mybatis.jpetstore.domain.Account.getPassword/0	[org.mybatis.jpetstore.web.actions.AccountActionBean::MockObject, <org.mybatis.jpetstore.web.actions.AccountActionBean: void clear()>/new org.mybatis.jpetstore.domain.Account/0]	<org.mybatis.jpetstore.domain.Account: java.lang.String getPassword()>/return/instruction3	java.lang.String
[<<immutable-context>>, <<immutable-context>>]	<org.mybatis.jpetstore.web.actions.AccountActionBean: net.sourceforge.stripes.action.Resolution newAccount()>/org.mybatis.jpetstore.domain.Account.getFavouriteCategoryId/0	[org.mybatis.jpetstore.web.actions.AccountActionBean::MockObject, <org.mybatis.jpetstore.web.actions.AccountActionBean: void clear()>/new org.mybatis.jpetstore.domain.Account/0]	<org.mybatis.jpetstore.domain.Account: java.lang.String getFavouriteCategoryId()>/return/instruction3	java.lang.String
[<<immutable-context>>, <<immutable-context>>]	<org.mybatis.jpetstore.web.actions.AccountActionBean: net.sourceforge.stripes.action.Resolution editAccount()>/org.mybatis.jpetstore.domain.Account.getFavouriteCategoryId/0	[org.mybatis.jpetstore.web.actions.AccountActionBean::MockObject, <org.mybatis.jpetstore.web.actions.AccountActionBean: void clear()>/new org.mybatis.jpetstore.domain.Account/0]	<org.mybatis.jpetstore.domain.Account: java.lang.String getFavouriteCategoryId()>/return/instruction3	java.lang.String
[<<immutable-context>>, <<immutable-context>>]	<org.mybatis.jpetstore.web.actions.AccountActionBean: net.sourceforge.stripes.action.Resolution signon()>/org.mybatis.jpetstore.domain.Account.getFavouriteCategoryId/0	[org.mybatis.jpetstore.web.actions.AccountActionBean::MockObject, <org.mybatis.jpetstore.web.actions.AccountActionBean: void clear()>/new org.mybatis.jpetstore.domain.Account/0]	<org.mybatis.jpetstore.domain.Account: java.lang.String getFavouriteCategoryId()>/return/instruction3	java.lang.String
[<org.mybatis.jpetstore.web.actions.OrderActionBean: void clear()>/new org.mybatis.jpetstore.domain.Order/0, <org.mybatis.jpetstore.domain.Order: void addLineItem(org.mybatis.jpetstore.domain.CartItem)>/new org.mybatis.jpetstore.domain.LineItem/0]	<org.mybatis.jpetstore.domain.LineItem: void <init>(int,org.mybatis.jpetstore.domain.CartItem)>/assign/instruction2	[<<immutable-context>>, <org.mybatis.jpetstore.web.actions.OrderActionBean: void clear()>/new org.mybatis.jpetstore.domain.Order/0]	<org.mybatis.jpetstore.domain.Order: void addLineItem(org.mybatis.jpetstore.domain.CartItem)>/assign/instruction6	int
[<<immutable-context>>, <org.mybatis.jpetstore.web.actions.OrderActionBean: void clear()>/new org.mybatis.jpetstore.domain.Order/0]	<org.mybatis.jpetstore.domain.Order: void addLineItem(org.mybatis.jpetstore.domain.CartItem)>/assign/instruction2	[<<immutable-context>>, <org.mybatis.jpetstore.web.actions.OrderActionBean: void clear()>/new org.mybatis.jpetstore.domain.Order/0]	<org.mybatis.jpetstore.domain.Order: void initOrder(org.mybatis.jpetstore.domain.Account,org.mybatis.jpetstore.domain.Cart)>/assign-cast/instruction59	org.mybatis.jpetstore.domain.CartItem
[<org.mybatis.jpetstore.web.actions.OrderActionBean: void clear()>/new org.mybatis.jpetstore.domain.Order/0, <org.mybatis.jpetstore.domain.Order: void addLineItem(org.mybatis.jpetstore.domain.CartItem)>/new org.mybatis.jpetstore.domain.LineItem/0]	<org.mybatis.jpetstore.domain.LineItem: void <init>(int,org.mybatis.jpetstore.domain.CartItem)>/assign/instruction3	[<<immutable-context>>, <org.mybatis.jpetstore.web.actions.OrderActionBean: void clear()>/new org.mybatis.jpetstore.domain.Order/0]	<org.mybatis.jpetstore.domain.Order: void addLineItem(org.mybatis.jpetstore.domain.CartItem)>/assign/instruction2	org.mybatis.jpetstore.domain.CartItem
[<<immutable-context>>, <org.mybatis.jpetstore.web.actions.OrderActionBean: void clear()>/new org.mybatis.jpetstore.domain.Order/0]	<org.mybatis.jpetstore.domain.Order: void addLineItem(org.mybatis.jpetstore.domain.LineItem)>/assign/instruction2	[<<immutable-context>>, <org.mybatis.jpetstore.web.actions.OrderActionBean: void clear()>/new org.mybatis.jpetstore.domain.Order/0]	<org.mybatis.jpetstore.domain.Order: void addLineItem(org.mybatis.jpetstore.domain.CartItem)>/assign/instruction8	org.mybatis.jpetstore.domain.LineItem
[<<immutable-context>>, <<immutable-context>>]	<org.mybatis.jpetstore.web.actions.OrderActionBean: int getOrderId()>/org.mybatis.jpetstore.domain.Order.getOrderId/0	[<<immutable-context>>, <org.mybatis.jpetstore.web.actions.OrderActionBean: void clear()>/new org.mybatis.jpetstore.domain.Order/0]	<org.mybatis.jpetstore.domain.Order: int getOrderId()>/return/instruction3	int
[<<immutable-context>>, <<immutable-context>>]	<org.mybatis.jpetstore.web.actions.OrderActionBean: net.sourceforge.stripes.action.Resolution viewOrder()>/org.mybatis.jpetstore.domain.Order.getOrderId/0	[<<immutable-context>>, <org.mybatis.jpetstore.web.actions.OrderActionBean: void clear()>/new org.mybatis.jpetstore.domain.Order/0]	<org.mybatis.jpetstore.domain.Order: int getOrderId()>/return/instruction3	int
[<<immutable-context>>, <<immutable-context>>]	<org.mybatis.jpetstore.web.actions.OrderActionBean: net.sourceforge.stripes.action.Resolution viewOrder()>/org.mybatis.jpetstore.domain.Order.getUsername/0	[<<immutable-context>>, <org.mybatis.jpetstore.web.actions.OrderActionBean: void clear()>/new org.mybatis.jpetstore.domain.Order/0]	<org.mybatis.jpetstore.domain.Order: java.lang.String getUsername()>/return/instruction3	java.lang.String
[<org.mybatis.jpetstore.web.actions.CartActionBean: void <init>()>/new org.mybatis.jpetstore.domain.Cart/0, <org.mybatis.jpetstore.domain.Cart: void addItem(org.mybatis.jpetstore.domain.Item,boolean)>/new org.mybatis.jpetstore.domain.CartItem/0]	<org.mybatis.jpetstore.domain.CartItem: void setItem(org.mybatis.jpetstore.domain.Item)>/assign/instruction2	[<<immutable-context>>, <org.mybatis.jpetstore.web.actions.CartActionBean: void <init>()>/new org.mybatis.jpetstore.domain.Cart/0]	<org.mybatis.jpetstore.domain.Cart: void addItem(org.mybatis.jpetstore.domain.Item,boolean)>/assign/instruction2	org.mybatis.jpetstore.domain.Item
[<org.mybatis.jpetstore.web.actions.CartActionBean: void <init>()>/new org.mybatis.jpetstore.domain.Cart/0, <org.mybatis.jpetstore.domain.Cart: void addItem(org.mybatis.jpetstore.domain.Item,boolean)>/new org.mybatis.jpetstore.domain.CartItem/0]	<org.mybatis.jpetstore.domain.CartItem: void setInStock(boolean)>/assign/instruction2	[<<immutable-context>>, <org.mybatis.jpetstore.web.actions.CartActionBean: void <init>()>/new org.mybatis.jpetstore.domain.Cart/0]	<org.mybatis.jpetstore.domain.Cart: void addItem(org.mybatis.jpetstore.domain.Item,boolean)>/assign/instruction3	boolean
[<org.mybatis.jpetstore.web.actions.CartActionBean: void <init>()>/new org.mybatis.jpetstore.domain.Cart/0, <org.mybatis.jpetstore.domain.Cart: void addItem(org.mybatis.jpetstore.domain.Item,boolean)>/new org.mybatis.jpetstore.domain.CartItem/0]	<org.mybatis.jpetstore.domain.CartItem: void setQuantity(int)>/assign/instruction2	[<<immutable-context>>, <org.mybatis.jpetstore.web.actions.CartActionBean: void <init>()>/new org.mybatis.jpetstore.domain.Cart/0]	<org.mybatis.jpetstore.domain.Cart: void addItem(org.mybatis.jpetstore.domain.Item,boolean)>/invoke/instruction14	int
[<<immutable-context>>, <<immutable-context>>]	<org.mybatis.jpetstore.web.actions.CartActionBean: net.sourceforge.stripes.action.Resolution updateCartQuantities()>/org.mybatis.jpetstore.domain.Cart.getAllCartItems/0	[<<immutable-context>>, <org.mybatis.jpetstore.web.actions.CartActionBean: void <init>()>/new org.mybatis.jpetstore.domain.Cart/0]	<org.mybatis.jpetstore.domain.Cart: java.util.Iterator getAllCartItems()>/return/instruction4	java.util.Iterator
[<<immutable-context>>, <<immutable-context>>]	<org.mybatis.jpetstore.web.actions.CartActionBean: net.sourceforge.stripes.action.Resolution addItemToCart()>/org.mybatis.jpetstore.domain.Cart.containsItemId/0	[<<immutable-context>>, <org.mybatis.jpetstore.web.actions.CartActionBean: void <init>()>/new org.mybatis.jpetstore.domain.Cart/0]	<org.mybatis.jpetstore.domain.Cart: boolean containsItemId(java.lang.String)>/return/instruction5	boolean
[<<immutable-context>>, <<immutable-context>>]	<org.mybatis.jpetstore.web.actions.CartActionBean: net.sourceforge.stripes.action.Resolution removeItemFromCart()>/org.mybatis.jpetstore.domain.Cart.removeItemById/0	[<<immutable-context>>, <org.mybatis.jpetstore.web.actions.CartActionBean: void <init>()>/new org.mybatis.jpetstore.domain.Cart/0]	<org.mybatis.jpetstore.domain.Cart: org.mybatis.jpetstore.domain.Item removeItemById(java.lang.String)>/return/instruction8	org.mybatis.jpetstore.domain.Item
[<<immutable-context>>, <<immutable-context>>]	<org.mybatis.jpetstore.web.actions.CartActionBean: net.sourceforge.stripes.action.Resolution removeItemFromCart()>/org.mybatis.jpetstore.domain.Cart.removeItemById/0	[<<immutable-context>>, <org.mybatis.jpetstore.web.actions.CartActionBean: void <init>()>/new org.mybatis.jpetstore.domain.Cart/0]	<org.mybatis.jpetstore.domain.Cart: org.mybatis.jpetstore.domain.Item removeItemById(java.lang.String)>/return/instruction12	org.mybatis.jpetstore.domain.Item
[<org.mybatis.jpetstore.web.actions.OrderActionBean: void clear()>/new org.mybatis.jpetstore.domain.Order/0, <org.mybatis.jpetstore.domain.Order: void addLineItem(org.mybatis.jpetstore.domain.CartItem)>/new org.mybatis.jpetstore.domain.LineItem/0]	<org.mybatis.jpetstore.domain.LineItem: void <init>(int,org.mybatis.jpetstore.domain.CartItem)>/assign/instruction2	[org.mybatis.jpetstore.web.actions.OrderActionBean::MockObject, <org.mybatis.jpetstore.web.actions.OrderActionBean: void clear()>/new org.mybatis.jpetstore.domain.Order/0]	<org.mybatis.jpetstore.domain.Order: void addLineItem(org.mybatis.jpetstore.domain.CartItem)>/assign/instruction6	int
[org.mybatis.jpetstore.web.actions.OrderActionBean::MockObject, <org.mybatis.jpetstore.web.actions.OrderActionBean: void clear()>/new org.mybatis.jpetstore.domain.Order/0]	<org.mybatis.jpetstore.domain.Order: void addLineItem(org.mybatis.jpetstore.domain.CartItem)>/assign/instruction2	[org.mybatis.jpetstore.web.actions.OrderActionBean::MockObject, <org.mybatis.jpetstore.web.actions.OrderActionBean: void clear()>/new org.mybatis.jpetstore.domain.Order/0]	<org.mybatis.jpetstore.domain.Order: void initOrder(org.mybatis.jpetstore.domain.Account,org.mybatis.jpetstore.domain.Cart)>/assign-cast/instruction59	org.mybatis.jpetstore.domain.CartItem
[<org.mybatis.jpetstore.web.actions.OrderActionBean: void clear()>/new org.mybatis.jpetstore.domain.Order/0, <org.mybatis.jpetstore.domain.Order: void addLineItem(org.mybatis.jpetstore.domain.CartItem)>/new org.mybatis.jpetstore.domain.LineItem/0]	<org.mybatis.jpetstore.domain.LineItem: void <init>(int,org.mybatis.jpetstore.domain.CartItem)>/assign/instruction3	[org.mybatis.jpetstore.web.actions.OrderActionBean::MockObject, <org.mybatis.jpetstore.web.actions.OrderActionBean: void clear()>/new org.mybatis.jpetstore.domain.Order/0]	<org.mybatis.jpetstore.domain.Order: void addLineItem(org.mybatis.jpetstore.domain.CartItem)>/assign/instruction2	org.mybatis.jpetstore.domain.CartItem
[org.mybatis.jpetstore.web.actions.OrderActionBean::MockObject, <org.mybatis.jpetstore.web.actions.OrderActionBean: void clear()>/new org.mybatis.jpetstore.domain.Order/0]	<org.mybatis.jpetstore.domain.Order: void addLineItem(org.mybatis.jpetstore.domain.LineItem)>/assign/instruction2	[org.mybatis.jpetstore.web.actions.OrderActionBean::MockObject, <org.mybatis.jpetstore.web.actions.OrderActionBean: void clear()>/new org.mybatis.jpetstore.domain.Order/0]	<org.mybatis.jpetstore.domain.Order: void addLineItem(org.mybatis.jpetstore.domain.CartItem)>/assign/instruction8	org.mybatis.jpetstore.domain.LineItem
[<<immutable-context>>, <<immutable-context>>]	<org.mybatis.jpetstore.web.actions.OrderActionBean: int getOrderId()>/org.mybatis.jpetstore.domain.Order.getOrderId/0	[org.mybatis.jpetstore.web.actions.OrderActionBean::MockObject, <org.mybatis.jpetstore.web.actions.OrderActionBean: void clear()>/new org.mybatis.jpetstore.domain.Order/0]	<org.mybatis.jpetstore.domain.Order: int getOrderId()>/return/instruction3	int
[<<immutable-context>>, <<immutable-context>>]	<org.mybatis.jpetstore.web.actions.OrderActionBean: net.sourceforge.stripes.action.Resolution viewOrder()>/org.mybatis.jpetstore.domain.Order.getOrderId/0	[org.mybatis.jpetstore.web.actions.OrderActionBean::MockObject, <org.mybatis.jpetstore.web.actions.OrderActionBean: void clear()>/new org.mybatis.jpetstore.domain.Order/0]	<org.mybatis.jpetstore.domain.Order: int getOrderId()>/return/instruction3	int
[<<immutable-context>>, <<immutable-context>>]	<org.mybatis.jpetstore.web.actions.OrderActionBean: net.sourceforge.stripes.action.Resolution viewOrder()>/org.mybatis.jpetstore.domain.Order.getUsername/0	[org.mybatis.jpetstore.web.actions.OrderActionBean::MockObject, <org.mybatis.jpetstore.web.actions.OrderActionBean: void clear()>/new org.mybatis.jpetstore.domain.Order/0]	<org.mybatis.jpetstore.domain.Order: java.lang.String getUsername()>/return/instruction3	java.lang.String
