<org.mybatis.jpetstore.service.CatalogService: void <init>(org.mybatis.jpetstore.mapper.CategoryMapper,org.mybatis.jpetstore.mapper.ItemMapper,org.mybatis.jpetstore.mapper.ProductMapper)>	<init>	org.mybatis.jpetstore.mapper.CategoryMapper,org.mybatis.jpetstore.mapper.ItemMapper,org.mybatis.jpetstore.mapper.ProductMapper	org.mybatis.jpetstore.service.CatalogService	void	(Lorg/mybatis/jpetstore/mapper/CategoryMapper;Lorg/mybatis/jpetstore/mapper/ItemMapper;Lorg/mybatis/jpetstore/mapper/ProductMapper;)V	3
<org.mybatis.jpetstore.service.CatalogService: org.mybatis.jpetstore.domain.Category getCategory(java.lang.String)>	getCategory	java.lang.String	org.mybatis.jpetstore.service.CatalogService	org.mybatis.jpetstore.domain.Category	(Ljava/lang/String;)Lorg/mybatis/jpetstore/domain/Category;	1
<org.mybatis.jpetstore.service.CatalogService: org.mybatis.jpetstore.domain.Product getProduct(java.lang.String)>	getProduct	java.lang.String	org.mybatis.jpetstore.service.CatalogService	org.mybatis.jpetstore.domain.Product	(Ljava/lang/String;)Lorg/mybatis/jpetstore/domain/Product;	1
<org.mybatis.jpetstore.service.CatalogService: java.util.List getProductListByCategory(java.lang.String)>	getProductListByCategory	java.lang.String	org.mybatis.jpetstore.service.CatalogService	java.util.List	(Ljava/lang/String;)Ljava/util/List;	1
<org.mybatis.jpetstore.service.CatalogService: java.util.List searchProductList(java.lang.String)>	searchProductList	java.lang.String	org.mybatis.jpetstore.service.CatalogService	java.util.List	(Ljava/lang/String;)Ljava/util/List;	1
<org.mybatis.jpetstore.service.CatalogService: java.util.List getItemListByProduct(java.lang.String)>	getItemListByProduct	java.lang.String	org.mybatis.jpetstore.service.CatalogService	java.util.List	(Ljava/lang/String;)Ljava/util/List;	1
<org.mybatis.jpetstore.service.CatalogService: org.mybatis.jpetstore.domain.Item getItem(java.lang.String)>	getItem	java.lang.String	org.mybatis.jpetstore.service.CatalogService	org.mybatis.jpetstore.domain.Item	(Ljava/lang/String;)Lorg/mybatis/jpetstore/domain/Item;	1
<org.mybatis.jpetstore.service.CatalogService: boolean isItemInStock(java.lang.String)>	isItemInStock	java.lang.String	org.mybatis.jpetstore.service.CatalogService	boolean	(Ljava/lang/String;)Z	1
<org.mybatis.jpetstore.web.actions.AccountActionBean: void setUsername(java.lang.String)>	setUsername	java.lang.String	org.mybatis.jpetstore.web.actions.AccountActionBean	void	(Ljava/lang/String;)V	1
<org.mybatis.jpetstore.web.actions.AccountActionBean: void setPassword(java.lang.String)>	setPassword	java.lang.String	org.mybatis.jpetstore.web.actions.AccountActionBean	void	(Ljava/lang/String;)V	1
<org.mybatis.jpetstore.web.actions.AccountActionBean: void setMyList(java.util.List)>	setMyList	java.util.List	org.mybatis.jpetstore.web.actions.AccountActionBean	void	(Ljava/util/List;)V	1
<org.mybatis.jpetstore.mapper.AccountMapper: org.mybatis.jpetstore.domain.Account getAccountByUsername(java.lang.String)>	getAccountByUsername	java.lang.String	org.mybatis.jpetstore.mapper.AccountMapper	org.mybatis.jpetstore.domain.Account	(Ljava/lang/String;)Lorg/mybatis/jpetstore/domain/Account;	1
<org.mybatis.jpetstore.mapper.AccountMapper: org.mybatis.jpetstore.domain.Account getAccountByUsernameAndPassword(java.lang.String,java.lang.String)>	getAccountByUsernameAndPassword	java.lang.String,java.lang.String	org.mybatis.jpetstore.mapper.AccountMapper	org.mybatis.jpetstore.domain.Account	(Ljava/lang/String;Ljava/lang/String;)Lorg/mybatis/jpetstore/domain/Account;	2
<org.mybatis.jpetstore.mapper.AccountMapper: void insertAccount(org.mybatis.jpetstore.domain.Account)>	insertAccount	org.mybatis.jpetstore.domain.Account	org.mybatis.jpetstore.mapper.AccountMapper	void	(Lorg/mybatis/jpetstore/domain/Account;)V	1
<org.mybatis.jpetstore.mapper.AccountMapper: void insertProfile(org.mybatis.jpetstore.domain.Account)>	insertProfile	org.mybatis.jpetstore.domain.Account	org.mybatis.jpetstore.mapper.AccountMapper	void	(Lorg/mybatis/jpetstore/domain/Account;)V	1
<org.mybatis.jpetstore.mapper.AccountMapper: void insertSignon(org.mybatis.jpetstore.domain.Account)>	insertSignon	org.mybatis.jpetstore.domain.Account	org.mybatis.jpetstore.mapper.AccountMapper	void	(Lorg/mybatis/jpetstore/domain/Account;)V	1
<org.mybatis.jpetstore.mapper.AccountMapper: void updateAccount(org.mybatis.jpetstore.domain.Account)>	updateAccount	org.mybatis.jpetstore.domain.Account	org.mybatis.jpetstore.mapper.AccountMapper	void	(Lorg/mybatis/jpetstore/domain/Account;)V	1
<org.mybatis.jpetstore.mapper.AccountMapper: void updateProfile(org.mybatis.jpetstore.domain.Account)>	updateProfile	org.mybatis.jpetstore.domain.Account	org.mybatis.jpetstore.mapper.AccountMapper	void	(Lorg/mybatis/jpetstore/domain/Account;)V	1
<org.mybatis.jpetstore.mapper.AccountMapper: void updateSignon(org.mybatis.jpetstore.domain.Account)>	updateSignon	org.mybatis.jpetstore.domain.Account	org.mybatis.jpetstore.mapper.AccountMapper	void	(Lorg/mybatis/jpetstore/domain/Account;)V	1
<org.mybatis.jpetstore.mapper.SequenceMapper: org.mybatis.jpetstore.domain.Sequence getSequence(org.mybatis.jpetstore.domain.Sequence)>	getSequence	org.mybatis.jpetstore.domain.Sequence	org.mybatis.jpetstore.mapper.SequenceMapper	org.mybatis.jpetstore.domain.Sequence	(Lorg/mybatis/jpetstore/domain/Sequence;)Lorg/mybatis/jpetstore/domain/Sequence;	1
<org.mybatis.jpetstore.mapper.SequenceMapper: void updateSequence(org.mybatis.jpetstore.domain.Sequence)>	updateSequence	org.mybatis.jpetstore.domain.Sequence	org.mybatis.jpetstore.mapper.SequenceMapper	void	(Lorg/mybatis/jpetstore/domain/Sequence;)V	1
<org.mybatis.jpetstore.mapper.OrderMapper: java.util.List getOrdersByUsername(java.lang.String)>	getOrdersByUsername	java.lang.String	org.mybatis.jpetstore.mapper.OrderMapper	java.util.List	(Ljava/lang/String;)Ljava/util/List;	1
<org.mybatis.jpetstore.mapper.OrderMapper: org.mybatis.jpetstore.domain.Order getOrder(int)>	getOrder	int	org.mybatis.jpetstore.mapper.OrderMapper	org.mybatis.jpetstore.domain.Order	(I)Lorg/mybatis/jpetstore/domain/Order;	1
<org.mybatis.jpetstore.mapper.OrderMapper: void insertOrder(org.mybatis.jpetstore.domain.Order)>	insertOrder	org.mybatis.jpetstore.domain.Order	org.mybatis.jpetstore.mapper.OrderMapper	void	(Lorg/mybatis/jpetstore/domain/Order;)V	1
<org.mybatis.jpetstore.mapper.OrderMapper: void insertOrderStatus(org.mybatis.jpetstore.domain.Order)>	insertOrderStatus	org.mybatis.jpetstore.domain.Order	org.mybatis.jpetstore.mapper.OrderMapper	void	(Lorg/mybatis/jpetstore/domain/Order;)V	1
<org.mybatis.jpetstore.web.actions.CatalogActionBean: void setKeyword(java.lang.String)>	setKeyword	java.lang.String	org.mybatis.jpetstore.web.actions.CatalogActionBean	void	(Ljava/lang/String;)V	1
<org.mybatis.jpetstore.web.actions.CatalogActionBean: void setCategoryId(java.lang.String)>	setCategoryId	java.lang.String	org.mybatis.jpetstore.web.actions.CatalogActionBean	void	(Ljava/lang/String;)V	1
<org.mybatis.jpetstore.web.actions.CatalogActionBean: void setProductId(java.lang.String)>	setProductId	java.lang.String	org.mybatis.jpetstore.web.actions.CatalogActionBean	void	(Ljava/lang/String;)V	1
<org.mybatis.jpetstore.web.actions.CatalogActionBean: void setItemId(java.lang.String)>	setItemId	java.lang.String	org.mybatis.jpetstore.web.actions.CatalogActionBean	void	(Ljava/lang/String;)V	1
<org.mybatis.jpetstore.web.actions.CatalogActionBean: void setCategory(org.mybatis.jpetstore.domain.Category)>	setCategory	org.mybatis.jpetstore.domain.Category	org.mybatis.jpetstore.web.actions.CatalogActionBean	void	(Lorg/mybatis/jpetstore/domain/Category;)V	1
<org.mybatis.jpetstore.web.actions.CatalogActionBean: void setProduct(org.mybatis.jpetstore.domain.Product)>	setProduct	org.mybatis.jpetstore.domain.Product	org.mybatis.jpetstore.web.actions.CatalogActionBean	void	(Lorg/mybatis/jpetstore/domain/Product;)V	1
<org.mybatis.jpetstore.web.actions.CatalogActionBean: void setItem(org.mybatis.jpetstore.domain.Item)>	setItem	org.mybatis.jpetstore.domain.Item	org.mybatis.jpetstore.web.actions.CatalogActionBean	void	(Lorg/mybatis/jpetstore/domain/Item;)V	1
<org.mybatis.jpetstore.web.actions.CatalogActionBean: void setCategoryList(java.util.List)>	setCategoryList	java.util.List	org.mybatis.jpetstore.web.actions.CatalogActionBean	void	(Ljava/util/List;)V	1
<org.mybatis.jpetstore.web.actions.CatalogActionBean: void setProductList(java.util.List)>	setProductList	java.util.List	org.mybatis.jpetstore.web.actions.CatalogActionBean	void	(Ljava/util/List;)V	1
<org.mybatis.jpetstore.web.actions.CatalogActionBean: void setItemList(java.util.List)>	setItemList	java.util.List	org.mybatis.jpetstore.web.actions.CatalogActionBean	void	(Ljava/util/List;)V	1
<org.mybatis.jpetstore.web.actions.AbstractActionBean: void setMessage(java.lang.String)>	setMessage	java.lang.String	org.mybatis.jpetstore.web.actions.AbstractActionBean	void	(Ljava/lang/String;)V	1
<org.mybatis.jpetstore.web.actions.AbstractActionBean: void setContext(net.sourceforge.stripes.action.ActionBeanContext)>	setContext	net.sourceforge.stripes.action.ActionBeanContext	org.mybatis.jpetstore.web.actions.AbstractActionBean	void	(Lnet/sourceforge/stripes/action/ActionBeanContext;)V	1
<org.mybatis.jpetstore.mapper.ProductMapper: java.util.List getProductListByCategory(java.lang.String)>	getProductListByCategory	java.lang.String	org.mybatis.jpetstore.mapper.ProductMapper	java.util.List	(Ljava/lang/String;)Ljava/util/List;	1
<org.mybatis.jpetstore.mapper.ProductMapper: org.mybatis.jpetstore.domain.Product getProduct(java.lang.String)>	getProduct	java.lang.String	org.mybatis.jpetstore.mapper.ProductMapper	org.mybatis.jpetstore.domain.Product	(Ljava/lang/String;)Lorg/mybatis/jpetstore/domain/Product;	1
<org.mybatis.jpetstore.mapper.ProductMapper: java.util.List searchProductList(java.lang.String)>	searchProductList	java.lang.String	org.mybatis.jpetstore.mapper.ProductMapper	java.util.List	(Ljava/lang/String;)Ljava/util/List;	1
<org.mybatis.jpetstore.mapper.ItemMapper: void updateInventoryQuantity(java.util.Map)>	updateInventoryQuantity	java.util.Map	org.mybatis.jpetstore.mapper.ItemMapper	void	(Ljava/util/Map;)V	1
<org.mybatis.jpetstore.mapper.ItemMapper: int getInventoryQuantity(java.lang.String)>	getInventoryQuantity	java.lang.String	org.mybatis.jpetstore.mapper.ItemMapper	int	(Ljava/lang/String;)I	1
<org.mybatis.jpetstore.mapper.ItemMapper: java.util.List getItemListByProduct(java.lang.String)>	getItemListByProduct	java.lang.String	org.mybatis.jpetstore.mapper.ItemMapper	java.util.List	(Ljava/lang/String;)Ljava/util/List;	1
<org.mybatis.jpetstore.mapper.ItemMapper: org.mybatis.jpetstore.domain.Item getItem(java.lang.String)>	getItem	java.lang.String	org.mybatis.jpetstore.mapper.ItemMapper	org.mybatis.jpetstore.domain.Item	(Ljava/lang/String;)Lorg/mybatis/jpetstore/domain/Item;	1
<org.mybatis.jpetstore.service.OrderService: void <init>(org.mybatis.jpetstore.mapper.ItemMapper,org.mybatis.jpetstore.mapper.OrderMapper,org.mybatis.jpetstore.mapper.SequenceMapper,org.mybatis.jpetstore.mapper.LineItemMapper)>	<init>	org.mybatis.jpetstore.mapper.ItemMapper,org.mybatis.jpetstore.mapper.OrderMapper,org.mybatis.jpetstore.mapper.SequenceMapper,org.mybatis.jpetstore.mapper.LineItemMapper	org.mybatis.jpetstore.service.OrderService	void	(Lorg/mybatis/jpetstore/mapper/ItemMapper;Lorg/mybatis/jpetstore/mapper/OrderMapper;Lorg/mybatis/jpetstore/mapper/SequenceMapper;Lorg/mybatis/jpetstore/mapper/LineItemMapper;)V	4
<org.mybatis.jpetstore.service.OrderService: void insertOrder(org.mybatis.jpetstore.domain.Order)>	insertOrder	org.mybatis.jpetstore.domain.Order	org.mybatis.jpetstore.service.OrderService	void	(Lorg/mybatis/jpetstore/domain/Order;)V	1
<org.mybatis.jpetstore.service.OrderService: org.mybatis.jpetstore.domain.Order getOrder(int)>	getOrder	int	org.mybatis.jpetstore.service.OrderService	org.mybatis.jpetstore.domain.Order	(I)Lorg/mybatis/jpetstore/domain/Order;	1
<org.mybatis.jpetstore.service.OrderService: java.util.List getOrdersByUsername(java.lang.String)>	getOrdersByUsername	java.lang.String	org.mybatis.jpetstore.service.OrderService	java.util.List	(Ljava/lang/String;)Ljava/util/List;	1
<org.mybatis.jpetstore.service.OrderService: int getNextId(java.lang.String)>	getNextId	java.lang.String	org.mybatis.jpetstore.service.OrderService	int	(Ljava/lang/String;)I	1
<org.mybatis.jpetstore.service.OrderService: void lambda$getOrder$2(org.mybatis.jpetstore.domain.LineItem)>	lambda$getOrder$2	org.mybatis.jpetstore.domain.LineItem	org.mybatis.jpetstore.service.OrderService	void	(Lorg/mybatis/jpetstore/domain/LineItem;)V	1
<org.mybatis.jpetstore.service.OrderService: void lambda$insertOrder$1(org.mybatis.jpetstore.domain.Order,org.mybatis.jpetstore.domain.LineItem)>	lambda$insertOrder$1	org.mybatis.jpetstore.domain.Order,org.mybatis.jpetstore.domain.LineItem	org.mybatis.jpetstore.service.OrderService	void	(Lorg/mybatis/jpetstore/domain/Order;Lorg/mybatis/jpetstore/domain/LineItem;)V	2
<org.mybatis.jpetstore.service.OrderService: void lambda$insertOrder$0(org.mybatis.jpetstore.domain.LineItem)>	lambda$insertOrder$0	org.mybatis.jpetstore.domain.LineItem	org.mybatis.jpetstore.service.OrderService	void	(Lorg/mybatis/jpetstore/domain/LineItem;)V	1
<org.mybatis.jpetstore.domain.Sequence: void <init>(java.lang.String,int)>	<init>	java.lang.String,int	org.mybatis.jpetstore.domain.Sequence	void	(Ljava/lang/String;I)V	2
<org.mybatis.jpetstore.domain.Sequence: void setName(java.lang.String)>	setName	java.lang.String	org.mybatis.jpetstore.domain.Sequence	void	(Ljava/lang/String;)V	1
<org.mybatis.jpetstore.domain.Sequence: void setNextId(int)>	setNextId	int	org.mybatis.jpetstore.domain.Sequence	void	(I)V	1
<org.mybatis.jpetstore.mapper.CategoryMapper: org.mybatis.jpetstore.domain.Category getCategory(java.lang.String)>	getCategory	java.lang.String	org.mybatis.jpetstore.mapper.CategoryMapper	org.mybatis.jpetstore.domain.Category	(Ljava/lang/String;)Lorg/mybatis/jpetstore/domain/Category;	1
<org.mybatis.jpetstore.domain.Product: void setProductId(java.lang.String)>	setProductId	java.lang.String	org.mybatis.jpetstore.domain.Product	void	(Ljava/lang/String;)V	1
<org.mybatis.jpetstore.domain.Product: void setCategoryId(java.lang.String)>	setCategoryId	java.lang.String	org.mybatis.jpetstore.domain.Product	void	(Ljava/lang/String;)V	1
<org.mybatis.jpetstore.domain.Product: void setName(java.lang.String)>	setName	java.lang.String	org.mybatis.jpetstore.domain.Product	void	(Ljava/lang/String;)V	1
<org.mybatis.jpetstore.domain.Product: void setDescription(java.lang.String)>	setDescription	java.lang.String	org.mybatis.jpetstore.domain.Product	void	(Ljava/lang/String;)V	1
<org.mybatis.jpetstore.mapper.LineItemMapper: java.util.List getLineItemsByOrderId(int)>	getLineItemsByOrderId	int	org.mybatis.jpetstore.mapper.LineItemMapper	java.util.List	(I)Ljava/util/List;	1
<org.mybatis.jpetstore.mapper.LineItemMapper: void insertLineItem(org.mybatis.jpetstore.domain.LineItem)>	insertLineItem	org.mybatis.jpetstore.domain.LineItem	org.mybatis.jpetstore.mapper.LineItemMapper	void	(Lorg/mybatis/jpetstore/domain/LineItem;)V	1
<org.mybatis.jpetstore.domain.Item: void setItemId(java.lang.String)>	setItemId	java.lang.String	org.mybatis.jpetstore.domain.Item	void	(Ljava/lang/String;)V	1
<org.mybatis.jpetstore.domain.Item: void setQuantity(int)>	setQuantity	int	org.mybatis.jpetstore.domain.Item	void	(I)V	1
<org.mybatis.jpetstore.domain.Item: void setProduct(org.mybatis.jpetstore.domain.Product)>	setProduct	org.mybatis.jpetstore.domain.Product	org.mybatis.jpetstore.domain.Item	void	(Lorg/mybatis/jpetstore/domain/Product;)V	1
<org.mybatis.jpetstore.domain.Item: void setSupplierId(int)>	setSupplierId	int	org.mybatis.jpetstore.domain.Item	void	(I)V	1
<org.mybatis.jpetstore.domain.Item: void setListPrice(java.math.BigDecimal)>	setListPrice	java.math.BigDecimal	org.mybatis.jpetstore.domain.Item	void	(Ljava/math/BigDecimal;)V	1
<org.mybatis.jpetstore.domain.Item: void setUnitCost(java.math.BigDecimal)>	setUnitCost	java.math.BigDecimal	org.mybatis.jpetstore.domain.Item	void	(Ljava/math/BigDecimal;)V	1
<org.mybatis.jpetstore.domain.Item: void setStatus(java.lang.String)>	setStatus	java.lang.String	org.mybatis.jpetstore.domain.Item	void	(Ljava/lang/String;)V	1
<org.mybatis.jpetstore.domain.Item: void setAttribute1(java.lang.String)>	setAttribute1	java.lang.String	org.mybatis.jpetstore.domain.Item	void	(Ljava/lang/String;)V	1
<org.mybatis.jpetstore.domain.Item: void setAttribute2(java.lang.String)>	setAttribute2	java.lang.String	org.mybatis.jpetstore.domain.Item	void	(Ljava/lang/String;)V	1
<org.mybatis.jpetstore.domain.Item: void setAttribute3(java.lang.String)>	setAttribute3	java.lang.String	org.mybatis.jpetstore.domain.Item	void	(Ljava/lang/String;)V	1
<org.mybatis.jpetstore.domain.Item: void setAttribute4(java.lang.String)>	setAttribute4	java.lang.String	org.mybatis.jpetstore.domain.Item	void	(Ljava/lang/String;)V	1
<org.mybatis.jpetstore.domain.Item: void setAttribute5(java.lang.String)>	setAttribute5	java.lang.String	org.mybatis.jpetstore.domain.Item	void	(Ljava/lang/String;)V	1
<org.mybatis.jpetstore.domain.Order: void setOrderId(int)>	setOrderId	int	org.mybatis.jpetstore.domain.Order	void	(I)V	1
<org.mybatis.jpetstore.domain.Order: void setUsername(java.lang.String)>	setUsername	java.lang.String	org.mybatis.jpetstore.domain.Order	void	(Ljava/lang/String;)V	1
<org.mybatis.jpetstore.domain.Order: void setOrderDate(java.util.Date)>	setOrderDate	java.util.Date	org.mybatis.jpetstore.domain.Order	void	(Ljava/util/Date;)V	1
<org.mybatis.jpetstore.domain.Order: void setShipAddress1(java.lang.String)>	setShipAddress1	java.lang.String	org.mybatis.jpetstore.domain.Order	void	(Ljava/lang/String;)V	1
<org.mybatis.jpetstore.domain.Order: void setShipAddress2(java.lang.String)>	setShipAddress2	java.lang.String	org.mybatis.jpetstore.domain.Order	void	(Ljava/lang/String;)V	1
<org.mybatis.jpetstore.domain.Order: void setShipCity(java.lang.String)>	setShipCity	java.lang.String	org.mybatis.jpetstore.domain.Order	void	(Ljava/lang/String;)V	1
<org.mybatis.jpetstore.domain.Order: void setShipState(java.lang.String)>	setShipState	java.lang.String	org.mybatis.jpetstore.domain.Order	void	(Ljava/lang/String;)V	1
<org.mybatis.jpetstore.domain.Order: void setShipZip(java.lang.String)>	setShipZip	java.lang.String	org.mybatis.jpetstore.domain.Order	void	(Ljava/lang/String;)V	1
<org.mybatis.jpetstore.domain.Order: void setShipCountry(java.lang.String)>	setShipCountry	java.lang.String	org.mybatis.jpetstore.domain.Order	void	(Ljava/lang/String;)V	1
<org.mybatis.jpetstore.domain.Order: void setBillAddress1(java.lang.String)>	setBillAddress1	java.lang.String	org.mybatis.jpetstore.domain.Order	void	(Ljava/lang/String;)V	1
<org.mybatis.jpetstore.domain.Order: void setBillAddress2(java.lang.String)>	setBillAddress2	java.lang.String	org.mybatis.jpetstore.domain.Order	void	(Ljava/lang/String;)V	1
<org.mybatis.jpetstore.domain.Order: void setBillCity(java.lang.String)>	setBillCity	java.lang.String	org.mybatis.jpetstore.domain.Order	void	(Ljava/lang/String;)V	1
<org.mybatis.jpetstore.domain.Order: void setBillState(java.lang.String)>	setBillState	java.lang.String	org.mybatis.jpetstore.domain.Order	void	(Ljava/lang/String;)V	1
<org.mybatis.jpetstore.domain.Order: void setBillZip(java.lang.String)>	setBillZip	java.lang.String	org.mybatis.jpetstore.domain.Order	void	(Ljava/lang/String;)V	1
<org.mybatis.jpetstore.domain.Order: void setBillCountry(java.lang.String)>	setBillCountry	java.lang.String	org.mybatis.jpetstore.domain.Order	void	(Ljava/lang/String;)V	1
<org.mybatis.jpetstore.domain.Order: void setCourier(java.lang.String)>	setCourier	java.lang.String	org.mybatis.jpetstore.domain.Order	void	(Ljava/lang/String;)V	1
<org.mybatis.jpetstore.domain.Order: void setTotalPrice(java.math.BigDecimal)>	setTotalPrice	java.math.BigDecimal	org.mybatis.jpetstore.domain.Order	void	(Ljava/math/BigDecimal;)V	1
<org.mybatis.jpetstore.domain.Order: void setBillToFirstName(java.lang.String)>	setBillToFirstName	java.lang.String	org.mybatis.jpetstore.domain.Order	void	(Ljava/lang/String;)V	1
<org.mybatis.jpetstore.domain.Order: void setBillToLastName(java.lang.String)>	setBillToLastName	java.lang.String	org.mybatis.jpetstore.domain.Order	void	(Ljava/lang/String;)V	1
<org.mybatis.jpetstore.domain.Order: void setShipToFirstName(java.lang.String)>	setShipToFirstName	java.lang.String	org.mybatis.jpetstore.domain.Order	void	(Ljava/lang/String;)V	1
<org.mybatis.jpetstore.domain.Order: void setShipToLastName(java.lang.String)>	setShipToLastName	java.lang.String	org.mybatis.jpetstore.domain.Order	void	(Ljava/lang/String;)V	1
<org.mybatis.jpetstore.domain.Order: void setCreditCard(java.lang.String)>	setCreditCard	java.lang.String	org.mybatis.jpetstore.domain.Order	void	(Ljava/lang/String;)V	1
<org.mybatis.jpetstore.domain.Order: void setExpiryDate(java.lang.String)>	setExpiryDate	java.lang.String	org.mybatis.jpetstore.domain.Order	void	(Ljava/lang/String;)V	1
<org.mybatis.jpetstore.domain.Order: void setCardType(java.lang.String)>	setCardType	java.lang.String	org.mybatis.jpetstore.domain.Order	void	(Ljava/lang/String;)V	1
<org.mybatis.jpetstore.domain.Order: void setLocale(java.lang.String)>	setLocale	java.lang.String	org.mybatis.jpetstore.domain.Order	void	(Ljava/lang/String;)V	1
<org.mybatis.jpetstore.domain.Order: void setStatus(java.lang.String)>	setStatus	java.lang.String	org.mybatis.jpetstore.domain.Order	void	(Ljava/lang/String;)V	1
<org.mybatis.jpetstore.domain.Order: void setLineItems(java.util.List)>	setLineItems	java.util.List	org.mybatis.jpetstore.domain.Order	void	(Ljava/util/List;)V	1
<org.mybatis.jpetstore.domain.Order: void initOrder(org.mybatis.jpetstore.domain.Account,org.mybatis.jpetstore.domain.Cart)>	initOrder	org.mybatis.jpetstore.domain.Account,org.mybatis.jpetstore.domain.Cart	org.mybatis.jpetstore.domain.Order	void	(Lorg/mybatis/jpetstore/domain/Account;Lorg/mybatis/jpetstore/domain/Cart;)V	2
<org.mybatis.jpetstore.domain.Order: void addLineItem(org.mybatis.jpetstore.domain.CartItem)>	addLineItem	org.mybatis.jpetstore.domain.CartItem	org.mybatis.jpetstore.domain.Order	void	(Lorg/mybatis/jpetstore/domain/CartItem;)V	1
<org.mybatis.jpetstore.domain.Order: void addLineItem(org.mybatis.jpetstore.domain.LineItem)>	addLineItem	org.mybatis.jpetstore.domain.LineItem	org.mybatis.jpetstore.domain.Order	void	(Lorg/mybatis/jpetstore/domain/LineItem;)V	1
<org.mybatis.jpetstore.service.AccountService: void <init>(org.mybatis.jpetstore.mapper.AccountMapper)>	<init>	org.mybatis.jpetstore.mapper.AccountMapper	org.mybatis.jpetstore.service.AccountService	void	(Lorg/mybatis/jpetstore/mapper/AccountMapper;)V	1
<org.mybatis.jpetstore.service.AccountService: org.mybatis.jpetstore.domain.Account getAccount(java.lang.String)>	getAccount	java.lang.String	org.mybatis.jpetstore.service.AccountService	org.mybatis.jpetstore.domain.Account	(Ljava/lang/String;)Lorg/mybatis/jpetstore/domain/Account;	1
<org.mybatis.jpetstore.service.AccountService: org.mybatis.jpetstore.domain.Account getAccount(java.lang.String,java.lang.String)>	getAccount	java.lang.String,java.lang.String	org.mybatis.jpetstore.service.AccountService	org.mybatis.jpetstore.domain.Account	(Ljava/lang/String;Ljava/lang/String;)Lorg/mybatis/jpetstore/domain/Account;	2
<org.mybatis.jpetstore.service.AccountService: void insertAccount(org.mybatis.jpetstore.domain.Account)>	insertAccount	org.mybatis.jpetstore.domain.Account	org.mybatis.jpetstore.service.AccountService	void	(Lorg/mybatis/jpetstore/domain/Account;)V	1
<org.mybatis.jpetstore.service.AccountService: void updateAccount(org.mybatis.jpetstore.domain.Account)>	updateAccount	org.mybatis.jpetstore.domain.Account	org.mybatis.jpetstore.service.AccountService	void	(Lorg/mybatis/jpetstore/domain/Account;)V	1
<org.mybatis.jpetstore.service.AccountService: void lambda$updateAccount$1(org.mybatis.jpetstore.domain.Account,java.lang.String)>	lambda$updateAccount$1	org.mybatis.jpetstore.domain.Account,java.lang.String	org.mybatis.jpetstore.service.AccountService	void	(Lorg/mybatis/jpetstore/domain/Account;Ljava/lang/String;)V	2
<org.mybatis.jpetstore.service.AccountService: boolean lambda$updateAccount$0(java.lang.String)>	lambda$updateAccount$0	java.lang.String	org.mybatis.jpetstore.service.AccountService	boolean	(Ljava/lang/String;)Z	1
<org.mybatis.jpetstore.domain.LineItem: void <init>(int,org.mybatis.jpetstore.domain.CartItem)>	<init>	int,org.mybatis.jpetstore.domain.CartItem	org.mybatis.jpetstore.domain.LineItem	void	(ILorg/mybatis/jpetstore/domain/CartItem;)V	2
<org.mybatis.jpetstore.domain.LineItem: void setOrderId(int)>	setOrderId	int	org.mybatis.jpetstore.domain.LineItem	void	(I)V	1
<org.mybatis.jpetstore.domain.LineItem: void setLineNumber(int)>	setLineNumber	int	org.mybatis.jpetstore.domain.LineItem	void	(I)V	1
<org.mybatis.jpetstore.domain.LineItem: void setItemId(java.lang.String)>	setItemId	java.lang.String	org.mybatis.jpetstore.domain.LineItem	void	(Ljava/lang/String;)V	1
<org.mybatis.jpetstore.domain.LineItem: void setUnitPrice(java.math.BigDecimal)>	setUnitPrice	java.math.BigDecimal	org.mybatis.jpetstore.domain.LineItem	void	(Ljava/math/BigDecimal;)V	1
<org.mybatis.jpetstore.domain.LineItem: void setItem(org.mybatis.jpetstore.domain.Item)>	setItem	org.mybatis.jpetstore.domain.Item	org.mybatis.jpetstore.domain.LineItem	void	(Lorg/mybatis/jpetstore/domain/Item;)V	1
<org.mybatis.jpetstore.domain.LineItem: void setQuantity(int)>	setQuantity	int	org.mybatis.jpetstore.domain.LineItem	void	(I)V	1
<org.mybatis.jpetstore.domain.LineItem: java.math.BigDecimal lambda$calculateTotal$0(java.math.BigDecimal)>	lambda$calculateTotal$0	java.math.BigDecimal	org.mybatis.jpetstore.domain.LineItem	java.math.BigDecimal	(Ljava/math/BigDecimal;)Ljava/math/BigDecimal;	1
<org.mybatis.jpetstore.domain.Cart: boolean containsItemId(java.lang.String)>	containsItemId	java.lang.String	org.mybatis.jpetstore.domain.Cart	boolean	(Ljava/lang/String;)Z	1
<org.mybatis.jpetstore.domain.Cart: void addItem(org.mybatis.jpetstore.domain.Item,boolean)>	addItem	org.mybatis.jpetstore.domain.Item,boolean	org.mybatis.jpetstore.domain.Cart	void	(Lorg/mybatis/jpetstore/domain/Item;Z)V	2
<org.mybatis.jpetstore.domain.Cart: org.mybatis.jpetstore.domain.Item removeItemById(java.lang.String)>	removeItemById	java.lang.String	org.mybatis.jpetstore.domain.Cart	org.mybatis.jpetstore.domain.Item	(Ljava/lang/String;)Lorg/mybatis/jpetstore/domain/Item;	1
<org.mybatis.jpetstore.domain.Cart: void incrementQuantityByItemId(java.lang.String)>	incrementQuantityByItemId	java.lang.String	org.mybatis.jpetstore.domain.Cart	void	(Ljava/lang/String;)V	1
<org.mybatis.jpetstore.domain.Cart: void setQuantityByItemId(java.lang.String,int)>	setQuantityByItemId	java.lang.String,int	org.mybatis.jpetstore.domain.Cart	void	(Ljava/lang/String;I)V	2
<org.mybatis.jpetstore.domain.Cart: java.math.BigDecimal lambda$getSubTotal$0(org.mybatis.jpetstore.domain.CartItem)>	lambda$getSubTotal$0	org.mybatis.jpetstore.domain.CartItem	org.mybatis.jpetstore.domain.Cart	java.math.BigDecimal	(Lorg/mybatis/jpetstore/domain/CartItem;)Ljava/math/BigDecimal;	1
<org.mybatis.jpetstore.domain.CartItem: void setInStock(boolean)>	setInStock	boolean	org.mybatis.jpetstore.domain.CartItem	void	(Z)V	1
<org.mybatis.jpetstore.domain.CartItem: void setItem(org.mybatis.jpetstore.domain.Item)>	setItem	org.mybatis.jpetstore.domain.Item	org.mybatis.jpetstore.domain.CartItem	void	(Lorg/mybatis/jpetstore/domain/Item;)V	1
<org.mybatis.jpetstore.domain.CartItem: void setQuantity(int)>	setQuantity	int	org.mybatis.jpetstore.domain.CartItem	void	(I)V	1
<org.mybatis.jpetstore.domain.CartItem: java.math.BigDecimal lambda$calculateTotal$0(java.math.BigDecimal)>	lambda$calculateTotal$0	java.math.BigDecimal	org.mybatis.jpetstore.domain.CartItem	java.math.BigDecimal	(Ljava/math/BigDecimal;)Ljava/math/BigDecimal;	1
<org.mybatis.jpetstore.domain.Account: void setUsername(java.lang.String)>	setUsername	java.lang.String	org.mybatis.jpetstore.domain.Account	void	(Ljava/lang/String;)V	1
<org.mybatis.jpetstore.domain.Account: void setPassword(java.lang.String)>	setPassword	java.lang.String	org.mybatis.jpetstore.domain.Account	void	(Ljava/lang/String;)V	1
<org.mybatis.jpetstore.domain.Account: void setEmail(java.lang.String)>	setEmail	java.lang.String	org.mybatis.jpetstore.domain.Account	void	(Ljava/lang/String;)V	1
<org.mybatis.jpetstore.domain.Account: void setFirstName(java.lang.String)>	setFirstName	java.lang.String	org.mybatis.jpetstore.domain.Account	void	(Ljava/lang/String;)V	1
<org.mybatis.jpetstore.domain.Account: void setLastName(java.lang.String)>	setLastName	java.lang.String	org.mybatis.jpetstore.domain.Account	void	(Ljava/lang/String;)V	1
<org.mybatis.jpetstore.domain.Account: void setStatus(java.lang.String)>	setStatus	java.lang.String	org.mybatis.jpetstore.domain.Account	void	(Ljava/lang/String;)V	1
<org.mybatis.jpetstore.domain.Account: void setAddress1(java.lang.String)>	setAddress1	java.lang.String	org.mybatis.jpetstore.domain.Account	void	(Ljava/lang/String;)V	1
<org.mybatis.jpetstore.domain.Account: void setAddress2(java.lang.String)>	setAddress2	java.lang.String	org.mybatis.jpetstore.domain.Account	void	(Ljava/lang/String;)V	1
<org.mybatis.jpetstore.domain.Account: void setCity(java.lang.String)>	setCity	java.lang.String	org.mybatis.jpetstore.domain.Account	void	(Ljava/lang/String;)V	1
<org.mybatis.jpetstore.domain.Account: void setState(java.lang.String)>	setState	java.lang.String	org.mybatis.jpetstore.domain.Account	void	(Ljava/lang/String;)V	1
<org.mybatis.jpetstore.domain.Account: void setZip(java.lang.String)>	setZip	java.lang.String	org.mybatis.jpetstore.domain.Account	void	(Ljava/lang/String;)V	1
<org.mybatis.jpetstore.domain.Account: void setCountry(java.lang.String)>	setCountry	java.lang.String	org.mybatis.jpetstore.domain.Account	void	(Ljava/lang/String;)V	1
<org.mybatis.jpetstore.domain.Account: void setPhone(java.lang.String)>	setPhone	java.lang.String	org.mybatis.jpetstore.domain.Account	void	(Ljava/lang/String;)V	1
<org.mybatis.jpetstore.domain.Account: void setFavouriteCategoryId(java.lang.String)>	setFavouriteCategoryId	java.lang.String	org.mybatis.jpetstore.domain.Account	void	(Ljava/lang/String;)V	1
<org.mybatis.jpetstore.domain.Account: void setLanguagePreference(java.lang.String)>	setLanguagePreference	java.lang.String	org.mybatis.jpetstore.domain.Account	void	(Ljava/lang/String;)V	1
<org.mybatis.jpetstore.domain.Account: void setListOption(boolean)>	setListOption	boolean	org.mybatis.jpetstore.domain.Account	void	(Z)V	1
<org.mybatis.jpetstore.domain.Account: void setBannerOption(boolean)>	setBannerOption	boolean	org.mybatis.jpetstore.domain.Account	void	(Z)V	1
<org.mybatis.jpetstore.domain.Account: void setBannerName(java.lang.String)>	setBannerName	java.lang.String	org.mybatis.jpetstore.domain.Account	void	(Ljava/lang/String;)V	1
<org.mybatis.jpetstore.web.actions.OrderActionBean: void setOrderId(int)>	setOrderId	int	org.mybatis.jpetstore.web.actions.OrderActionBean	void	(I)V	1
<org.mybatis.jpetstore.web.actions.OrderActionBean: void setOrder(org.mybatis.jpetstore.domain.Order)>	setOrder	org.mybatis.jpetstore.domain.Order	org.mybatis.jpetstore.web.actions.OrderActionBean	void	(Lorg/mybatis/jpetstore/domain/Order;)V	1
<org.mybatis.jpetstore.web.actions.OrderActionBean: void setShippingAddressRequired(boolean)>	setShippingAddressRequired	boolean	org.mybatis.jpetstore.web.actions.OrderActionBean	void	(Z)V	1
<org.mybatis.jpetstore.web.actions.OrderActionBean: void setConfirmed(boolean)>	setConfirmed	boolean	org.mybatis.jpetstore.web.actions.OrderActionBean	void	(Z)V	1
<org.mybatis.jpetstore.domain.Category: void setCategoryId(java.lang.String)>	setCategoryId	java.lang.String	org.mybatis.jpetstore.domain.Category	void	(Ljava/lang/String;)V	1
<org.mybatis.jpetstore.domain.Category: void setName(java.lang.String)>	setName	java.lang.String	org.mybatis.jpetstore.domain.Category	void	(Ljava/lang/String;)V	1
<org.mybatis.jpetstore.domain.Category: void setDescription(java.lang.String)>	setDescription	java.lang.String	org.mybatis.jpetstore.domain.Category	void	(Ljava/lang/String;)V	1
<org.mybatis.jpetstore.web.actions.CartActionBean: void setCart(org.mybatis.jpetstore.domain.Cart)>	setCart	org.mybatis.jpetstore.domain.Cart	org.mybatis.jpetstore.web.actions.CartActionBean	void	(Lorg/mybatis/jpetstore/domain/Cart;)V	1
<org.mybatis.jpetstore.web.actions.CartActionBean: void setWorkingItemId(java.lang.String)>	setWorkingItemId	java.lang.String	org.mybatis.jpetstore.web.actions.CartActionBean	void	(Ljava/lang/String;)V	1
<org.mybatis.jpetstore.web.actions.AccountActionBean: net.sourceforge.stripes.action.Resolution signonForm()>	signonForm		org.mybatis.jpetstore.web.actions.AccountActionBean	net.sourceforge.stripes.action.Resolution	()Lnet/sourceforge/stripes/action/Resolution;	0
<org.mybatis.jpetstore.web.actions.CatalogActionBean: net.sourceforge.stripes.action.ForwardResolution viewMain()>	viewMain		org.mybatis.jpetstore.web.actions.CatalogActionBean	net.sourceforge.stripes.action.ForwardResolution	()Lnet/sourceforge/stripes/action/ForwardResolution;	0
<org.mybatis.jpetstore.service.CatalogService: java.util.List getCategoryList()>	getCategoryList		org.mybatis.jpetstore.service.CatalogService	java.util.List	()Ljava/util/List;	0
<org.mybatis.jpetstore.web.actions.AccountActionBean: void <init>()>	<init>		org.mybatis.jpetstore.web.actions.AccountActionBean	void	()V	0
<org.mybatis.jpetstore.web.actions.AccountActionBean: org.mybatis.jpetstore.domain.Account getAccount()>	getAccount		org.mybatis.jpetstore.web.actions.AccountActionBean	org.mybatis.jpetstore.domain.Account	()Lorg/mybatis/jpetstore/domain/Account;	0
<org.mybatis.jpetstore.web.actions.AccountActionBean: java.lang.String getUsername()>	getUsername		org.mybatis.jpetstore.web.actions.AccountActionBean	java.lang.String	()Ljava/lang/String;	0
<org.mybatis.jpetstore.web.actions.AccountActionBean: java.lang.String getPassword()>	getPassword		org.mybatis.jpetstore.web.actions.AccountActionBean	java.lang.String	()Ljava/lang/String;	0
<org.mybatis.jpetstore.web.actions.AccountActionBean: java.util.List getMyList()>	getMyList		org.mybatis.jpetstore.web.actions.AccountActionBean	java.util.List	()Ljava/util/List;	0
<org.mybatis.jpetstore.web.actions.AccountActionBean: java.util.List getLanguages()>	getLanguages		org.mybatis.jpetstore.web.actions.AccountActionBean	java.util.List	()Ljava/util/List;	0
<org.mybatis.jpetstore.web.actions.AccountActionBean: java.util.List getCategories()>	getCategories		org.mybatis.jpetstore.web.actions.AccountActionBean	java.util.List	()Ljava/util/List;	0
<org.mybatis.jpetstore.web.actions.AccountActionBean: net.sourceforge.stripes.action.Resolution newAccountForm()>	newAccountForm		org.mybatis.jpetstore.web.actions.AccountActionBean	net.sourceforge.stripes.action.Resolution	()Lnet/sourceforge/stripes/action/Resolution;	0
<org.mybatis.jpetstore.web.actions.AccountActionBean: net.sourceforge.stripes.action.Resolution newAccount()>	newAccount		org.mybatis.jpetstore.web.actions.AccountActionBean	net.sourceforge.stripes.action.Resolution	()Lnet/sourceforge/stripes/action/Resolution;	0
<org.mybatis.jpetstore.web.actions.AccountActionBean: net.sourceforge.stripes.action.Resolution editAccountForm()>	editAccountForm		org.mybatis.jpetstore.web.actions.AccountActionBean	net.sourceforge.stripes.action.Resolution	()Lnet/sourceforge/stripes/action/Resolution;	0
<org.mybatis.jpetstore.web.actions.AccountActionBean: net.sourceforge.stripes.action.Resolution editAccount()>	editAccount		org.mybatis.jpetstore.web.actions.AccountActionBean	net.sourceforge.stripes.action.Resolution	()Lnet/sourceforge/stripes/action/Resolution;	0
<org.mybatis.jpetstore.web.actions.AccountActionBean: net.sourceforge.stripes.action.Resolution signon()>	signon		org.mybatis.jpetstore.web.actions.AccountActionBean	net.sourceforge.stripes.action.Resolution	()Lnet/sourceforge/stripes/action/Resolution;	0
<org.mybatis.jpetstore.web.actions.AccountActionBean: net.sourceforge.stripes.action.Resolution signoff()>	signoff		org.mybatis.jpetstore.web.actions.AccountActionBean	net.sourceforge.stripes.action.Resolution	()Lnet/sourceforge/stripes/action/Resolution;	0
<org.mybatis.jpetstore.web.actions.AccountActionBean: boolean isAuthenticated()>	isAuthenticated		org.mybatis.jpetstore.web.actions.AccountActionBean	boolean	()Z	0
<org.mybatis.jpetstore.web.actions.AccountActionBean: void clear()>	clear		org.mybatis.jpetstore.web.actions.AccountActionBean	void	()V	0
<org.mybatis.jpetstore.web.actions.AccountActionBean: void <clinit>()>	<clinit>		org.mybatis.jpetstore.web.actions.AccountActionBean	void	()V	0
<org.mybatis.jpetstore.web.actions.CatalogActionBean: void <init>()>	<init>		org.mybatis.jpetstore.web.actions.CatalogActionBean	void	()V	0
<org.mybatis.jpetstore.web.actions.CatalogActionBean: java.lang.String getKeyword()>	getKeyword		org.mybatis.jpetstore.web.actions.CatalogActionBean	java.lang.String	()Ljava/lang/String;	0
<org.mybatis.jpetstore.web.actions.CatalogActionBean: java.lang.String getCategoryId()>	getCategoryId		org.mybatis.jpetstore.web.actions.CatalogActionBean	java.lang.String	()Ljava/lang/String;	0
<org.mybatis.jpetstore.web.actions.CatalogActionBean: java.lang.String getProductId()>	getProductId		org.mybatis.jpetstore.web.actions.CatalogActionBean	java.lang.String	()Ljava/lang/String;	0
<org.mybatis.jpetstore.web.actions.CatalogActionBean: java.lang.String getItemId()>	getItemId		org.mybatis.jpetstore.web.actions.CatalogActionBean	java.lang.String	()Ljava/lang/String;	0
<org.mybatis.jpetstore.web.actions.CatalogActionBean: org.mybatis.jpetstore.domain.Category getCategory()>	getCategory		org.mybatis.jpetstore.web.actions.CatalogActionBean	org.mybatis.jpetstore.domain.Category	()Lorg/mybatis/jpetstore/domain/Category;	0
<org.mybatis.jpetstore.web.actions.CatalogActionBean: org.mybatis.jpetstore.domain.Product getProduct()>	getProduct		org.mybatis.jpetstore.web.actions.CatalogActionBean	org.mybatis.jpetstore.domain.Product	()Lorg/mybatis/jpetstore/domain/Product;	0
<org.mybatis.jpetstore.web.actions.CatalogActionBean: org.mybatis.jpetstore.domain.Item getItem()>	getItem		org.mybatis.jpetstore.web.actions.CatalogActionBean	org.mybatis.jpetstore.domain.Item	()Lorg/mybatis/jpetstore/domain/Item;	0
<org.mybatis.jpetstore.web.actions.CatalogActionBean: java.util.List getCategoryList()>	getCategoryList		org.mybatis.jpetstore.web.actions.CatalogActionBean	java.util.List	()Ljava/util/List;	0
<org.mybatis.jpetstore.web.actions.CatalogActionBean: java.util.List getProductList()>	getProductList		org.mybatis.jpetstore.web.actions.CatalogActionBean	java.util.List	()Ljava/util/List;	0
<org.mybatis.jpetstore.web.actions.CatalogActionBean: java.util.List getItemList()>	getItemList		org.mybatis.jpetstore.web.actions.CatalogActionBean	java.util.List	()Ljava/util/List;	0
<org.mybatis.jpetstore.web.actions.CatalogActionBean: net.sourceforge.stripes.action.ForwardResolution viewCategory()>	viewCategory		org.mybatis.jpetstore.web.actions.CatalogActionBean	net.sourceforge.stripes.action.ForwardResolution	()Lnet/sourceforge/stripes/action/ForwardResolution;	0
<org.mybatis.jpetstore.web.actions.CatalogActionBean: net.sourceforge.stripes.action.ForwardResolution viewProduct()>	viewProduct		org.mybatis.jpetstore.web.actions.CatalogActionBean	net.sourceforge.stripes.action.ForwardResolution	()Lnet/sourceforge/stripes/action/ForwardResolution;	0
<org.mybatis.jpetstore.web.actions.CatalogActionBean: net.sourceforge.stripes.action.ForwardResolution viewItem()>	viewItem		org.mybatis.jpetstore.web.actions.CatalogActionBean	net.sourceforge.stripes.action.ForwardResolution	()Lnet/sourceforge/stripes/action/ForwardResolution;	0
<org.mybatis.jpetstore.web.actions.CatalogActionBean: net.sourceforge.stripes.action.ForwardResolution searchProducts()>	searchProducts		org.mybatis.jpetstore.web.actions.CatalogActionBean	net.sourceforge.stripes.action.ForwardResolution	()Lnet/sourceforge/stripes/action/ForwardResolution;	0
<org.mybatis.jpetstore.web.actions.CatalogActionBean: void clear()>	clear		org.mybatis.jpetstore.web.actions.CatalogActionBean	void	()V	0
<org.mybatis.jpetstore.web.actions.AbstractActionBean: void <init>()>	<init>		org.mybatis.jpetstore.web.actions.AbstractActionBean	void	()V	0
<org.mybatis.jpetstore.web.actions.AbstractActionBean: net.sourceforge.stripes.action.ActionBeanContext getContext()>	getContext		org.mybatis.jpetstore.web.actions.AbstractActionBean	net.sourceforge.stripes.action.ActionBeanContext	()Lnet/sourceforge/stripes/action/ActionBeanContext;	0
<org.mybatis.jpetstore.domain.Sequence: void <init>()>	<init>		org.mybatis.jpetstore.domain.Sequence	void	()V	0
<org.mybatis.jpetstore.domain.Sequence: java.lang.String getName()>	getName		org.mybatis.jpetstore.domain.Sequence	java.lang.String	()Ljava/lang/String;	0
<org.mybatis.jpetstore.domain.Sequence: int getNextId()>	getNextId		org.mybatis.jpetstore.domain.Sequence	int	()I	0
<org.mybatis.jpetstore.mapper.CategoryMapper: java.util.List getCategoryList()>	getCategoryList		org.mybatis.jpetstore.mapper.CategoryMapper	java.util.List	()Ljava/util/List;	0
<org.mybatis.jpetstore.domain.Product: void <init>()>	<init>		org.mybatis.jpetstore.domain.Product	void	()V	0
<org.mybatis.jpetstore.domain.Product: java.lang.String getProductId()>	getProductId		org.mybatis.jpetstore.domain.Product	java.lang.String	()Ljava/lang/String;	0
<org.mybatis.jpetstore.domain.Product: java.lang.String getCategoryId()>	getCategoryId		org.mybatis.jpetstore.domain.Product	java.lang.String	()Ljava/lang/String;	0
<org.mybatis.jpetstore.domain.Product: java.lang.String getName()>	getName		org.mybatis.jpetstore.domain.Product	java.lang.String	()Ljava/lang/String;	0
<org.mybatis.jpetstore.domain.Product: java.lang.String getDescription()>	getDescription		org.mybatis.jpetstore.domain.Product	java.lang.String	()Ljava/lang/String;	0
<org.mybatis.jpetstore.domain.Product: java.lang.String toString()>	toString		org.mybatis.jpetstore.domain.Product	java.lang.String	()Ljava/lang/String;	0
<org.mybatis.jpetstore.domain.Item: void <init>()>	<init>		org.mybatis.jpetstore.domain.Item	void	()V	0
<org.mybatis.jpetstore.domain.Item: java.lang.String getItemId()>	getItemId		org.mybatis.jpetstore.domain.Item	java.lang.String	()Ljava/lang/String;	0
<org.mybatis.jpetstore.domain.Item: int getQuantity()>	getQuantity		org.mybatis.jpetstore.domain.Item	int	()I	0
<org.mybatis.jpetstore.domain.Item: org.mybatis.jpetstore.domain.Product getProduct()>	getProduct		org.mybatis.jpetstore.domain.Item	org.mybatis.jpetstore.domain.Product	()Lorg/mybatis/jpetstore/domain/Product;	0
<org.mybatis.jpetstore.domain.Item: int getSupplierId()>	getSupplierId		org.mybatis.jpetstore.domain.Item	int	()I	0
<org.mybatis.jpetstore.domain.Item: java.math.BigDecimal getListPrice()>	getListPrice		org.mybatis.jpetstore.domain.Item	java.math.BigDecimal	()Ljava/math/BigDecimal;	0
<org.mybatis.jpetstore.domain.Item: java.math.BigDecimal getUnitCost()>	getUnitCost		org.mybatis.jpetstore.domain.Item	java.math.BigDecimal	()Ljava/math/BigDecimal;	0
<org.mybatis.jpetstore.domain.Item: java.lang.String getStatus()>	getStatus		org.mybatis.jpetstore.domain.Item	java.lang.String	()Ljava/lang/String;	0
<org.mybatis.jpetstore.domain.Item: java.lang.String getAttribute1()>	getAttribute1		org.mybatis.jpetstore.domain.Item	java.lang.String	()Ljava/lang/String;	0
<org.mybatis.jpetstore.domain.Item: java.lang.String getAttribute2()>	getAttribute2		org.mybatis.jpetstore.domain.Item	java.lang.String	()Ljava/lang/String;	0
<org.mybatis.jpetstore.domain.Item: java.lang.String getAttribute3()>	getAttribute3		org.mybatis.jpetstore.domain.Item	java.lang.String	()Ljava/lang/String;	0
<org.mybatis.jpetstore.domain.Item: java.lang.String getAttribute4()>	getAttribute4		org.mybatis.jpetstore.domain.Item	java.lang.String	()Ljava/lang/String;	0
<org.mybatis.jpetstore.domain.Item: java.lang.String getAttribute5()>	getAttribute5		org.mybatis.jpetstore.domain.Item	java.lang.String	()Ljava/lang/String;	0
<org.mybatis.jpetstore.domain.Item: java.lang.String toString()>	toString		org.mybatis.jpetstore.domain.Item	java.lang.String	()Ljava/lang/String;	0
<org.mybatis.jpetstore.domain.Order: void <init>()>	<init>		org.mybatis.jpetstore.domain.Order	void	()V	0
<org.mybatis.jpetstore.domain.Order: int getOrderId()>	getOrderId		org.mybatis.jpetstore.domain.Order	int	()I	0
<org.mybatis.jpetstore.domain.Order: java.lang.String getUsername()>	getUsername		org.mybatis.jpetstore.domain.Order	java.lang.String	()Ljava/lang/String;	0
<org.mybatis.jpetstore.domain.Order: java.util.Date getOrderDate()>	getOrderDate		org.mybatis.jpetstore.domain.Order	java.util.Date	()Ljava/util/Date;	0
<org.mybatis.jpetstore.domain.Order: java.lang.String getShipAddress1()>	getShipAddress1		org.mybatis.jpetstore.domain.Order	java.lang.String	()Ljava/lang/String;	0
<org.mybatis.jpetstore.domain.Order: java.lang.String getShipAddress2()>	getShipAddress2		org.mybatis.jpetstore.domain.Order	java.lang.String	()Ljava/lang/String;	0
<org.mybatis.jpetstore.domain.Order: java.lang.String getShipCity()>	getShipCity		org.mybatis.jpetstore.domain.Order	java.lang.String	()Ljava/lang/String;	0
<org.mybatis.jpetstore.domain.Order: java.lang.String getShipState()>	getShipState		org.mybatis.jpetstore.domain.Order	java.lang.String	()Ljava/lang/String;	0
<org.mybatis.jpetstore.domain.Order: java.lang.String getShipZip()>	getShipZip		org.mybatis.jpetstore.domain.Order	java.lang.String	()Ljava/lang/String;	0
<org.mybatis.jpetstore.domain.Order: java.lang.String getShipCountry()>	getShipCountry		org.mybatis.jpetstore.domain.Order	java.lang.String	()Ljava/lang/String;	0
<org.mybatis.jpetstore.domain.Order: java.lang.String getBillAddress1()>	getBillAddress1		org.mybatis.jpetstore.domain.Order	java.lang.String	()Ljava/lang/String;	0
<org.mybatis.jpetstore.domain.Order: java.lang.String getBillAddress2()>	getBillAddress2		org.mybatis.jpetstore.domain.Order	java.lang.String	()Ljava/lang/String;	0
<org.mybatis.jpetstore.domain.Order: java.lang.String getBillCity()>	getBillCity		org.mybatis.jpetstore.domain.Order	java.lang.String	()Ljava/lang/String;	0
<org.mybatis.jpetstore.domain.Order: java.lang.String getBillState()>	getBillState		org.mybatis.jpetstore.domain.Order	java.lang.String	()Ljava/lang/String;	0
<org.mybatis.jpetstore.domain.Order: java.lang.String getBillZip()>	getBillZip		org.mybatis.jpetstore.domain.Order	java.lang.String	()Ljava/lang/String;	0
<org.mybatis.jpetstore.domain.Order: java.lang.String getBillCountry()>	getBillCountry		org.mybatis.jpetstore.domain.Order	java.lang.String	()Ljava/lang/String;	0
<org.mybatis.jpetstore.domain.Order: java.lang.String getCourier()>	getCourier		org.mybatis.jpetstore.domain.Order	java.lang.String	()Ljava/lang/String;	0
<org.mybatis.jpetstore.domain.Order: java.math.BigDecimal getTotalPrice()>	getTotalPrice		org.mybatis.jpetstore.domain.Order	java.math.BigDecimal	()Ljava/math/BigDecimal;	0
<org.mybatis.jpetstore.domain.Order: java.lang.String getBillToFirstName()>	getBillToFirstName		org.mybatis.jpetstore.domain.Order	java.lang.String	()Ljava/lang/String;	0
<org.mybatis.jpetstore.domain.Order: java.lang.String getBillToLastName()>	getBillToLastName		org.mybatis.jpetstore.domain.Order	java.lang.String	()Ljava/lang/String;	0
<org.mybatis.jpetstore.domain.Order: java.lang.String getShipToFirstName()>	getShipToFirstName		org.mybatis.jpetstore.domain.Order	java.lang.String	()Ljava/lang/String;	0
<org.mybatis.jpetstore.domain.Order: java.lang.String getShipToLastName()>	getShipToLastName		org.mybatis.jpetstore.domain.Order	java.lang.String	()Ljava/lang/String;	0
<org.mybatis.jpetstore.domain.Order: java.lang.String getCreditCard()>	getCreditCard		org.mybatis.jpetstore.domain.Order	java.lang.String	()Ljava/lang/String;	0
<org.mybatis.jpetstore.domain.Order: java.lang.String getExpiryDate()>	getExpiryDate		org.mybatis.jpetstore.domain.Order	java.lang.String	()Ljava/lang/String;	0
<org.mybatis.jpetstore.domain.Order: java.lang.String getCardType()>	getCardType		org.mybatis.jpetstore.domain.Order	java.lang.String	()Ljava/lang/String;	0
<org.mybatis.jpetstore.domain.Order: java.lang.String getLocale()>	getLocale		org.mybatis.jpetstore.domain.Order	java.lang.String	()Ljava/lang/String;	0
<org.mybatis.jpetstore.domain.Order: java.lang.String getStatus()>	getStatus		org.mybatis.jpetstore.domain.Order	java.lang.String	()Ljava/lang/String;	0
<org.mybatis.jpetstore.domain.Order: java.util.List getLineItems()>	getLineItems		org.mybatis.jpetstore.domain.Order	java.util.List	()Ljava/util/List;	0
<org.mybatis.jpetstore.domain.LineItem: void <init>()>	<init>		org.mybatis.jpetstore.domain.LineItem	void	()V	0
<org.mybatis.jpetstore.domain.LineItem: int getOrderId()>	getOrderId		org.mybatis.jpetstore.domain.LineItem	int	()I	0
<org.mybatis.jpetstore.domain.LineItem: int getLineNumber()>	getLineNumber		org.mybatis.jpetstore.domain.LineItem	int	()I	0
<org.mybatis.jpetstore.domain.LineItem: java.lang.String getItemId()>	getItemId		org.mybatis.jpetstore.domain.LineItem	java.lang.String	()Ljava/lang/String;	0
<org.mybatis.jpetstore.domain.LineItem: java.math.BigDecimal getUnitPrice()>	getUnitPrice		org.mybatis.jpetstore.domain.LineItem	java.math.BigDecimal	()Ljava/math/BigDecimal;	0
<org.mybatis.jpetstore.domain.LineItem: java.math.BigDecimal getTotal()>	getTotal		org.mybatis.jpetstore.domain.LineItem	java.math.BigDecimal	()Ljava/math/BigDecimal;	0
<org.mybatis.jpetstore.domain.LineItem: org.mybatis.jpetstore.domain.Item getItem()>	getItem		org.mybatis.jpetstore.domain.LineItem	org.mybatis.jpetstore.domain.Item	()Lorg/mybatis/jpetstore/domain/Item;	0
<org.mybatis.jpetstore.domain.LineItem: int getQuantity()>	getQuantity		org.mybatis.jpetstore.domain.LineItem	int	()I	0
<org.mybatis.jpetstore.domain.LineItem: void calculateTotal()>	calculateTotal		org.mybatis.jpetstore.domain.LineItem	void	()V	0
<org.mybatis.jpetstore.domain.Cart: void <init>()>	<init>		org.mybatis.jpetstore.domain.Cart	void	()V	0
<org.mybatis.jpetstore.domain.Cart: java.util.Iterator getCartItems()>	getCartItems		org.mybatis.jpetstore.domain.Cart	java.util.Iterator	()Ljava/util/Iterator;	0
<org.mybatis.jpetstore.domain.Cart: java.util.List getCartItemList()>	getCartItemList		org.mybatis.jpetstore.domain.Cart	java.util.List	()Ljava/util/List;	0
<org.mybatis.jpetstore.domain.Cart: int getNumberOfItems()>	getNumberOfItems		org.mybatis.jpetstore.domain.Cart	int	()I	0
<org.mybatis.jpetstore.domain.Cart: java.util.Iterator getAllCartItems()>	getAllCartItems		org.mybatis.jpetstore.domain.Cart	java.util.Iterator	()Ljava/util/Iterator;	0
<org.mybatis.jpetstore.domain.Cart: java.math.BigDecimal getSubTotal()>	getSubTotal		org.mybatis.jpetstore.domain.Cart	java.math.BigDecimal	()Ljava/math/BigDecimal;	0
<org.mybatis.jpetstore.domain.CartItem: void <init>()>	<init>		org.mybatis.jpetstore.domain.CartItem	void	()V	0
<org.mybatis.jpetstore.domain.CartItem: boolean isInStock()>	isInStock		org.mybatis.jpetstore.domain.CartItem	boolean	()Z	0
<org.mybatis.jpetstore.domain.CartItem: java.math.BigDecimal getTotal()>	getTotal		org.mybatis.jpetstore.domain.CartItem	java.math.BigDecimal	()Ljava/math/BigDecimal;	0
<org.mybatis.jpetstore.domain.CartItem: org.mybatis.jpetstore.domain.Item getItem()>	getItem		org.mybatis.jpetstore.domain.CartItem	org.mybatis.jpetstore.domain.Item	()Lorg/mybatis/jpetstore/domain/Item;	0
<org.mybatis.jpetstore.domain.CartItem: int getQuantity()>	getQuantity		org.mybatis.jpetstore.domain.CartItem	int	()I	0
<org.mybatis.jpetstore.domain.CartItem: void incrementQuantity()>	incrementQuantity		org.mybatis.jpetstore.domain.CartItem	void	()V	0
<org.mybatis.jpetstore.domain.CartItem: void calculateTotal()>	calculateTotal		org.mybatis.jpetstore.domain.CartItem	void	()V	0
<org.mybatis.jpetstore.domain.Account: void <init>()>	<init>		org.mybatis.jpetstore.domain.Account	void	()V	0
<org.mybatis.jpetstore.domain.Account: java.lang.String getUsername()>	getUsername		org.mybatis.jpetstore.domain.Account	java.lang.String	()Ljava/lang/String;	0
<org.mybatis.jpetstore.domain.Account: java.lang.String getPassword()>	getPassword		org.mybatis.jpetstore.domain.Account	java.lang.String	()Ljava/lang/String;	0
<org.mybatis.jpetstore.domain.Account: java.lang.String getEmail()>	getEmail		org.mybatis.jpetstore.domain.Account	java.lang.String	()Ljava/lang/String;	0
<org.mybatis.jpetstore.domain.Account: java.lang.String getFirstName()>	getFirstName		org.mybatis.jpetstore.domain.Account	java.lang.String	()Ljava/lang/String;	0
<org.mybatis.jpetstore.domain.Account: java.lang.String getLastName()>	getLastName		org.mybatis.jpetstore.domain.Account	java.lang.String	()Ljava/lang/String;	0
<org.mybatis.jpetstore.domain.Account: java.lang.String getStatus()>	getStatus		org.mybatis.jpetstore.domain.Account	java.lang.String	()Ljava/lang/String;	0
<org.mybatis.jpetstore.domain.Account: java.lang.String getAddress1()>	getAddress1		org.mybatis.jpetstore.domain.Account	java.lang.String	()Ljava/lang/String;	0
<org.mybatis.jpetstore.domain.Account: java.lang.String getAddress2()>	getAddress2		org.mybatis.jpetstore.domain.Account	java.lang.String	()Ljava/lang/String;	0
<org.mybatis.jpetstore.domain.Account: java.lang.String getCity()>	getCity		org.mybatis.jpetstore.domain.Account	java.lang.String	()Ljava/lang/String;	0
<org.mybatis.jpetstore.domain.Account: java.lang.String getState()>	getState		org.mybatis.jpetstore.domain.Account	java.lang.String	()Ljava/lang/String;	0
<org.mybatis.jpetstore.domain.Account: java.lang.String getZip()>	getZip		org.mybatis.jpetstore.domain.Account	java.lang.String	()Ljava/lang/String;	0
<org.mybatis.jpetstore.domain.Account: java.lang.String getCountry()>	getCountry		org.mybatis.jpetstore.domain.Account	java.lang.String	()Ljava/lang/String;	0
<org.mybatis.jpetstore.domain.Account: java.lang.String getPhone()>	getPhone		org.mybatis.jpetstore.domain.Account	java.lang.String	()Ljava/lang/String;	0
<org.mybatis.jpetstore.domain.Account: java.lang.String getFavouriteCategoryId()>	getFavouriteCategoryId		org.mybatis.jpetstore.domain.Account	java.lang.String	()Ljava/lang/String;	0
<org.mybatis.jpetstore.domain.Account: java.lang.String getLanguagePreference()>	getLanguagePreference		org.mybatis.jpetstore.domain.Account	java.lang.String	()Ljava/lang/String;	0
<org.mybatis.jpetstore.domain.Account: boolean isListOption()>	isListOption		org.mybatis.jpetstore.domain.Account	boolean	()Z	0
<org.mybatis.jpetstore.domain.Account: boolean isBannerOption()>	isBannerOption		org.mybatis.jpetstore.domain.Account	boolean	()Z	0
<org.mybatis.jpetstore.domain.Account: java.lang.String getBannerName()>	getBannerName		org.mybatis.jpetstore.domain.Account	java.lang.String	()Ljava/lang/String;	0
<org.mybatis.jpetstore.web.actions.OrderActionBean: void <init>()>	<init>		org.mybatis.jpetstore.web.actions.OrderActionBean	void	()V	0
<org.mybatis.jpetstore.web.actions.OrderActionBean: int getOrderId()>	getOrderId		org.mybatis.jpetstore.web.actions.OrderActionBean	int	()I	0
<org.mybatis.jpetstore.web.actions.OrderActionBean: org.mybatis.jpetstore.domain.Order getOrder()>	getOrder		org.mybatis.jpetstore.web.actions.OrderActionBean	org.mybatis.jpetstore.domain.Order	()Lorg/mybatis/jpetstore/domain/Order;	0
<org.mybatis.jpetstore.web.actions.OrderActionBean: boolean isShippingAddressRequired()>	isShippingAddressRequired		org.mybatis.jpetstore.web.actions.OrderActionBean	boolean	()Z	0
<org.mybatis.jpetstore.web.actions.OrderActionBean: boolean isConfirmed()>	isConfirmed		org.mybatis.jpetstore.web.actions.OrderActionBean	boolean	()Z	0
<org.mybatis.jpetstore.web.actions.OrderActionBean: java.util.List getCreditCardTypes()>	getCreditCardTypes		org.mybatis.jpetstore.web.actions.OrderActionBean	java.util.List	()Ljava/util/List;	0
<org.mybatis.jpetstore.web.actions.OrderActionBean: java.util.List getOrderList()>	getOrderList		org.mybatis.jpetstore.web.actions.OrderActionBean	java.util.List	()Ljava/util/List;	0
<org.mybatis.jpetstore.web.actions.OrderActionBean: net.sourceforge.stripes.action.Resolution listOrders()>	listOrders		org.mybatis.jpetstore.web.actions.OrderActionBean	net.sourceforge.stripes.action.Resolution	()Lnet/sourceforge/stripes/action/Resolution;	0
<org.mybatis.jpetstore.web.actions.OrderActionBean: net.sourceforge.stripes.action.Resolution newOrderForm()>	newOrderForm		org.mybatis.jpetstore.web.actions.OrderActionBean	net.sourceforge.stripes.action.Resolution	()Lnet/sourceforge/stripes/action/Resolution;	0
<org.mybatis.jpetstore.web.actions.OrderActionBean: net.sourceforge.stripes.action.Resolution newOrder()>	newOrder		org.mybatis.jpetstore.web.actions.OrderActionBean	net.sourceforge.stripes.action.Resolution	()Lnet/sourceforge/stripes/action/Resolution;	0
<org.mybatis.jpetstore.web.actions.OrderActionBean: net.sourceforge.stripes.action.Resolution viewOrder()>	viewOrder		org.mybatis.jpetstore.web.actions.OrderActionBean	net.sourceforge.stripes.action.Resolution	()Lnet/sourceforge/stripes/action/Resolution;	0
<org.mybatis.jpetstore.web.actions.OrderActionBean: void clear()>	clear		org.mybatis.jpetstore.web.actions.OrderActionBean	void	()V	0
<org.mybatis.jpetstore.web.actions.OrderActionBean: void <clinit>()>	<clinit>		org.mybatis.jpetstore.web.actions.OrderActionBean	void	()V	0
<org.mybatis.jpetstore.domain.Category: void <init>()>	<init>		org.mybatis.jpetstore.domain.Category	void	()V	0
<org.mybatis.jpetstore.domain.Category: java.lang.String getCategoryId()>	getCategoryId		org.mybatis.jpetstore.domain.Category	java.lang.String	()Ljava/lang/String;	0
<org.mybatis.jpetstore.domain.Category: java.lang.String getName()>	getName		org.mybatis.jpetstore.domain.Category	java.lang.String	()Ljava/lang/String;	0
<org.mybatis.jpetstore.domain.Category: java.lang.String getDescription()>	getDescription		org.mybatis.jpetstore.domain.Category	java.lang.String	()Ljava/lang/String;	0
<org.mybatis.jpetstore.domain.Category: java.lang.String toString()>	toString		org.mybatis.jpetstore.domain.Category	java.lang.String	()Ljava/lang/String;	0
<org.mybatis.jpetstore.web.actions.CartActionBean: void <init>()>	<init>		org.mybatis.jpetstore.web.actions.CartActionBean	void	()V	0
<org.mybatis.jpetstore.web.actions.CartActionBean: org.mybatis.jpetstore.domain.Cart getCart()>	getCart		org.mybatis.jpetstore.web.actions.CartActionBean	org.mybatis.jpetstore.domain.Cart	()Lorg/mybatis/jpetstore/domain/Cart;	0
<org.mybatis.jpetstore.web.actions.CartActionBean: net.sourceforge.stripes.action.Resolution addItemToCart()>	addItemToCart		org.mybatis.jpetstore.web.actions.CartActionBean	net.sourceforge.stripes.action.Resolution	()Lnet/sourceforge/stripes/action/Resolution;	0
<org.mybatis.jpetstore.web.actions.CartActionBean: net.sourceforge.stripes.action.Resolution removeItemFromCart()>	removeItemFromCart		org.mybatis.jpetstore.web.actions.CartActionBean	net.sourceforge.stripes.action.Resolution	()Lnet/sourceforge/stripes/action/Resolution;	0
<org.mybatis.jpetstore.web.actions.CartActionBean: net.sourceforge.stripes.action.Resolution updateCartQuantities()>	updateCartQuantities		org.mybatis.jpetstore.web.actions.CartActionBean	net.sourceforge.stripes.action.Resolution	()Lnet/sourceforge/stripes/action/Resolution;	0
<org.mybatis.jpetstore.web.actions.CartActionBean: net.sourceforge.stripes.action.ForwardResolution viewCart()>	viewCart		org.mybatis.jpetstore.web.actions.CartActionBean	net.sourceforge.stripes.action.ForwardResolution	()Lnet/sourceforge/stripes/action/ForwardResolution;	0
<org.mybatis.jpetstore.web.actions.CartActionBean: net.sourceforge.stripes.action.ForwardResolution checkOut()>	checkOut		org.mybatis.jpetstore.web.actions.CartActionBean	net.sourceforge.stripes.action.ForwardResolution	()Lnet/sourceforge/stripes/action/ForwardResolution;	0
<org.mybatis.jpetstore.web.actions.CartActionBean: void clear()>	clear		org.mybatis.jpetstore.web.actions.CartActionBean	void	()V	0
