<org.springframework.boot.loader.util.SystemPropertyUtils: java.lang.String parseStringValue(java.util.Properties,java.lang.String,java.lang.String,java.util.Set)>/@parameter0
<org.springframework.boot.loader.util.SystemPropertyUtils: java.lang.String parseStringValue(java.util.Properties,java.lang.String,java.lang.String,java.util.Set)>/@parameter1
<org.springframework.boot.loader.util.SystemPropertyUtils: java.lang.String parseStringValue(java.util.Properties,java.lang.String,java.lang.String,java.util.Set)>/@parameter3
<org.springframework.boot.loader.ExecutableArchiveLauncher: java.lang.ClassLoader createClassLoader(java.net.URL[])>/i$_$$A_1#_91
<org.springframework.boot.loader.ExecutableArchiveLauncher: java.lang.ClassLoader createClassLoader(java.net.URL[])>/i$_$$A_2#_90
<org.springframework.boot.loader.ExecutableArchiveLauncher: boolean addDefaultClassloaderUrl(java.net.URL[],java.net.URL)>/i$_$$A_1#_103
<org.springframework.boot.loader.ExecutableArchiveLauncher: boolean addDefaultClassloaderUrl(java.net.URL[],java.net.URL)>/i$_$$A_2#_102
<integration.services.MrpConnectService: java.util.List getCatalogItems()>/l5_$$A_1#_88
<integration.services.MrpConnectService: java.util.List getCatalogItems()>/l5_$$A_2#_87
<smpl.ordering.repositories.mongodb.models.ShipmentDetails: smpl.ordering.models.ShipmentRecord toShipmentRecord()>/l4_$$A_1#_67
<smpl.ordering.repositories.mongodb.models.ShipmentDetails: smpl.ordering.models.ShipmentRecord toShipmentRecord()>/l4_$$A_2#_66
<org.springframework.boot.loader.jar.JarURLConnection$JarEntryName: org.springframework.boot.loader.util.AsciiBytes decode(java.lang.String)>/ch#_231
<org.springframework.boot.loader.jar.JarURLConnection$JarEntryName: org.springframework.boot.loader.util.AsciiBytes decode(java.lang.String)>/i_$$A_1#_231
<org.springframework.boot.loader.jar.JarURLConnection$JarEntryName: org.springframework.boot.loader.util.AsciiBytes decode(java.lang.String)>/i_$$A_2#_238
<org.springframework.boot.loader.jar.JarURLConnection$JarEntryName: org.springframework.boot.loader.util.AsciiBytes decode(java.lang.String)>/i_$$A_3#_239
<org.springframework.boot.loader.jar.JarURLConnection$JarEntryName: org.springframework.boot.loader.util.AsciiBytes decode(java.lang.String)>/i_$$A_4#_230
<smpl.ordering.repositories.mongodb.MongoOperationsWithRetry: java.util.List findAll(java.lang.Class)>/result_$$A_4#_257
<org.springframework.boot.loader.archive.ExplodedArchive: void buildEntries(java.io.File,boolean)>/i$_$$A_1#_105
<org.springframework.boot.loader.archive.ExplodedArchive: void buildEntries(java.io.File,boolean)>/i$_$$A_2#_104
<smpl.ordering.repositories.mongodb.MongoOperationsWithRetry: java.lang.Object findOne(org.springframework.data.mongodb.core.query.Query,java.lang.Class)>/result_$$A_4#_365
<smpl.ordering.repositories.mongodb.MongoOperationsWithRetry: boolean exists(org.springframework.data.mongodb.core.query.Query,java.lang.Class)>/result_$$A_5#_406
<smpl.ordering.repositories.mongodb.MongoOperationsWithRetry: java.util.List find(org.springframework.data.mongodb.core.query.Query,java.lang.Class)>/result_$$A_4#_441
<org.springframework.boot.loader.PropertiesLauncher: void initializeProperties(java.io.File)>/key#_194
<org.springframework.boot.loader.PropertiesLauncher: void initializeProperties(java.io.File)>/text#_194
<smpl.ordering.repositories.mongodb.MongoOperationsWithRetry: java.lang.Object findAndRemove(org.springframework.data.mongodb.core.query.Query,java.lang.Class)>/result_$$A_4#_512
<smpl.ordering.repositories.mongodb.models.OrderDetails: smpl.ordering.models.Order toOrder()>/l4_$$A_1#_66
<smpl.ordering.repositories.mongodb.models.OrderDetails: smpl.ordering.models.Order toOrder()>/l4_$$A_2#_65
<org.springframework.boot.loader.jar.CentralDirectoryEndRecord: void <init>(org.springframework.boot.loader.data.RandomAccessData)>/$stack8
<org.springframework.boot.loader.jar.CentralDirectoryEndRecord: void <init>(org.springframework.boot.loader.data.RandomAccessData)>/$stack9
<org.springframework.boot.loader.PropertiesLauncher: boolean exists(java.net.URL)>/$stack16_$$A_3
<org.springframework.boot.loader.PropertiesLauncher: boolean exists(java.net.URL)>/l5_$$A_2#_299
<org.springframework.boot.loader.PropertiesLauncher: java.util.List parsePathsProperty(java.lang.String)>/path#_317
<org.springframework.boot.loader.PropertiesLauncher: java.util.List parsePathsProperty(java.lang.String)>/i$_$$A_1#_317
<org.springframework.boot.loader.PropertiesLauncher: java.util.List parsePathsProperty(java.lang.String)>/i$_$$A_2#_316
<smpl.ordering.repositories.mock.MockDealersRepository: boolean upsertDealer(smpl.ordering.models.DealerInfo,java.lang.String)>/i_$$A_1#_55
<smpl.ordering.repositories.mock.MockDealersRepository: boolean upsertDealer(smpl.ordering.models.DealerInfo,java.lang.String)>/i_$$A_2#_54
<smpl.ordering.repositories.mock.MockDealersRepository: boolean removeDealer(java.lang.String,java.lang.String)>/i_$$A_1#_71
<smpl.ordering.repositories.mock.MockDealersRepository: boolean removeDealer(java.lang.String,java.lang.String)>/i_$$A_2#_70
<org.springframework.boot.loader.PropertiesLauncher: void addParentClassLoaderEntries(java.util.List)>/name#_517
<org.springframework.boot.loader.PropertiesLauncher: void addParentClassLoaderEntries(java.util.List)>/i$_$$A_1#_517
<org.springframework.boot.loader.PropertiesLauncher: void addParentClassLoaderEntries(java.util.List)>/name_$$A_3#_531
<org.springframework.boot.loader.PropertiesLauncher: void addParentClassLoaderEntries(java.util.List)>/i$_$$A_2#_516
<org.springframework.boot.loader.PropertiesLauncher: int findArchive(java.util.List,org.springframework.boot.loader.archive.Archive)>/i_$$A_1#_570
<org.springframework.boot.loader.PropertiesLauncher: int findArchive(java.util.List,org.springframework.boot.loader.archive.Archive)>/i_$$A_2#_573
<smpl.ordering.controllers.DealerController: org.springframework.http.ResponseEntity getDealers()>/count_$$A_1#_39
<smpl.ordering.controllers.DealerController: org.springframework.http.ResponseEntity getDealers()>/count_$$A_2#_43
<org.springframework.boot.loader.util.SystemPropertyUtils: java.lang.String parseStringValue(java.util.Properties,java.lang.String,java.lang.String,java.util.Set)>/visitedPlaceholders#_0
<org.springframework.boot.loader.util.SystemPropertyUtils: java.lang.String parseStringValue(java.util.Properties,java.lang.String,java.lang.String,java.util.Set)>/properties#_0
<org.springframework.boot.loader.util.SystemPropertyUtils: java.lang.String parseStringValue(java.util.Properties,java.lang.String,java.lang.String,java.util.Set)>/value#_0
<org.springframework.boot.loader.util.SystemPropertyUtils: java.lang.String parseStringValue(java.util.Properties,java.lang.String,java.lang.String,java.util.Set)>/placeholder#_96
<org.springframework.boot.loader.util.SystemPropertyUtils: java.lang.String parseStringValue(java.util.Properties,java.lang.String,java.lang.String,java.util.Set)>/propVal#_96
<org.springframework.boot.loader.util.SystemPropertyUtils: java.lang.String parseStringValue(java.util.Properties,java.lang.String,java.lang.String,java.util.Set)>/propVal_$$A_7#_145
<org.springframework.boot.loader.util.SystemPropertyUtils: java.lang.String parseStringValue(java.util.Properties,java.lang.String,java.lang.String,java.util.Set)>/placeholder_$$A_3#_145
<org.springframework.boot.loader.util.SystemPropertyUtils: int findPlaceholderEndIndex(java.lang.CharSequence,int)>/withinNestedPlaceholder_$$A_1#_207
<org.springframework.boot.loader.util.SystemPropertyUtils: int findPlaceholderEndIndex(java.lang.CharSequence,int)>/index_$$A_1#_207
<org.springframework.boot.loader.util.SystemPropertyUtils: int findPlaceholderEndIndex(java.lang.CharSequence,int)>/withinNestedPlaceholder_$$A_2#_210
<org.springframework.boot.loader.util.SystemPropertyUtils: int findPlaceholderEndIndex(java.lang.CharSequence,int)>/index_$$A_2#_211
<org.springframework.boot.loader.util.SystemPropertyUtils: int findPlaceholderEndIndex(java.lang.CharSequence,int)>/withinNestedPlaceholder_$$A_3#_218
<org.springframework.boot.loader.data.RandomAccessDataFile$FilePool: void close()>/file_$$A_3#_279
<org.springframework.boot.loader.util.SystemPropertyUtils: int findPlaceholderEndIndex(java.lang.CharSequence,int)>/index_$$A_3#_219
<org.springframework.boot.loader.util.SystemPropertyUtils: int findPlaceholderEndIndex(java.lang.CharSequence,int)>/index_$$A_4#_222
<org.springframework.boot.loader.LaunchedURLClassLoader$2: java.lang.Object run()>/i$_$$A_1#_201
<org.springframework.boot.loader.LaunchedURLClassLoader$2: java.lang.Object run()>/i$_$$A_2#_200
<org.springframework.boot.loader.util.SystemPropertyUtils: boolean substringMatch(java.lang.CharSequence,int,java.lang.CharSequence)>/j_$$A_1#_231
<org.springframework.boot.loader.util.SystemPropertyUtils: boolean substringMatch(java.lang.CharSequence,int,java.lang.CharSequence)>/j_$$A_2#_230
<org.springframework.boot.loader.util.AsciiBytes: boolean startsWith(org.springframework.boot.loader.util.AsciiBytes)>/i_$$A_1#_89
<org.springframework.boot.loader.util.AsciiBytes: boolean startsWith(org.springframework.boot.loader.util.AsciiBytes)>/i_$$A_2#_88
<org.springframework.boot.loader.util.AsciiBytes: boolean endsWith(org.springframework.boot.loader.util.AsciiBytes)>/i_$$A_1#_104
<org.springframework.boot.loader.util.AsciiBytes: boolean endsWith(org.springframework.boot.loader.util.AsciiBytes)>/i_$$A_2#_103
<org.springframework.boot.loader.data.RandomAccessDataFile$DataInputStream: int doRead(byte[],int,int)>/$stack23_$$A_3
<org.springframework.boot.loader.data.RandomAccessDataFile$DataInputStream: int doRead(byte[],int,int)>/rtn_$$A_2#_166
<org.springframework.boot.loader.data.RandomAccessDataFile$DataInputStream: int doRead(byte[],int,int)>/file_$$A_3#_166
<org.springframework.boot.loader.util.AsciiBytes: int hashCode()>/$stack8
<org.springframework.boot.loader.util.AsciiBytes: int hashCode()>/i_$$A_1#_160
<org.springframework.boot.loader.util.AsciiBytes: int hashCode()>/hash_$$A_1#_160
<org.springframework.boot.loader.util.AsciiBytes: int hashCode()>/hash_$$A_2#_160
<org.springframework.boot.loader.util.AsciiBytes: int hashCode()>/i_$$A_2#_159
<org.springframework.boot.loader.util.AsciiBytes: boolean equals(java.lang.Object)>/i_$$A_1#_178
<org.springframework.boot.loader.util.AsciiBytes: boolean equals(java.lang.Object)>/i_$$A_2#_177
<org.springframework.boot.loader.data.RandomAccessDataFile$DataInputStream: long moveOn(int)>/$stack2
<org.springframework.boot.loader.data.RandomAccessDataFile$DataInputStream: long moveOn(int)>/$stack3
<org.springframework.boot.loader.jar.JarFile: java.util.List loadJarEntries(org.springframework.boot.loader.jar.CentralDirectoryEndRecord)>/entry_$$A_3#_153
<org.springframework.boot.loader.jar.JarFile: java.util.List filterEntries(java.util.List,org.springframework.boot.loader.jar.JarEntryFilter[])>/name#_168
<org.springframework.boot.loader.jar.JarFile: java.util.List filterEntries(java.util.List,org.springframework.boot.loader.jar.JarEntryFilter[])>/i$_$$A_1#_168
<org.springframework.boot.loader.jar.JarFile: java.util.List filterEntries(java.util.List,org.springframework.boot.loader.jar.JarEntryFilter[])>/$stack22
<org.springframework.boot.loader.jar.JarFile: java.util.List filterEntries(java.util.List,org.springframework.boot.loader.jar.JarEntryFilter[])>/$stack22_$$A_1
<org.springframework.boot.loader.jar.JarFile: java.util.List filterEntries(java.util.List,org.springframework.boot.loader.jar.JarEntryFilter[])>/i$_$$A_1_$$A_2#_170
<org.springframework.boot.loader.jar.JarFile: java.util.List filterEntries(java.util.List,org.springframework.boot.loader.jar.JarEntryFilter[])>/name_$$A_2#_170
<org.springframework.boot.loader.jar.JarFile: java.util.List filterEntries(java.util.List,org.springframework.boot.loader.jar.JarEntryFilter[])>/$stack22_$$A_3
<org.springframework.boot.loader.jar.JarFile: java.util.List filterEntries(java.util.List,org.springframework.boot.loader.jar.JarEntryFilter[])>/$stack22_$$A_4
<org.springframework.boot.loader.jar.JarFile: java.util.List filterEntries(java.util.List,org.springframework.boot.loader.jar.JarEntryFilter[])>/name_$$A_3#_170
<org.springframework.boot.loader.jar.JarFile: java.util.List filterEntries(java.util.List,org.springframework.boot.loader.jar.JarEntryFilter[])>/i$_$$A_1_$$A_3#_169
<smpl.ordering.controllers.ShipmentController: org.springframework.http.ResponseEntity getDeliveries()>/n_$$A_1#_83
<smpl.ordering.controllers.ShipmentController: org.springframework.http.ResponseEntity getDeliveries()>/n_$$A_2#_82
<smpl.ordering.OrderingConfiguration: org.springframework.data.mongodb.core.MongoTemplate mongoTemplate()>/l9_$$A_1#_70
<smpl.ordering.OrderingConfiguration: org.springframework.data.mongodb.core.MongoTemplate mongoTemplate()>/l9_$$A_2#_69
<org.springframework.boot.loader.jar.JarFile: java.util.jar.Manifest getManifest()>/manifest_$$A_2#_209
<org.springframework.boot.loader.jar.JarFile: void setupEntryCertificates()>/entry_$$A_3#_313
<smpl.ordering.repositories.mock.MockCatalogItemsRepository: boolean upsertCatalogItem(java.lang.String,smpl.ordering.models.CatalogItem,java.lang.String)>/i_$$A_1#_76
<smpl.ordering.repositories.mock.MockCatalogItemsRepository: boolean upsertCatalogItem(java.lang.String,smpl.ordering.models.CatalogItem,java.lang.String)>/i_$$A_2#_75
<smpl.ordering.repositories.mock.MockCatalogItemsRepository: boolean removeCatalogItem(java.lang.String,java.lang.String)>/i_$$A_1#_98
<smpl.ordering.repositories.mock.MockCatalogItemsRepository: boolean removeCatalogItem(java.lang.String,java.lang.String)>/i_$$A_2#_97
<org.springframework.boot.loader.jar.Handler: java.net.URLStreamHandler getFallbackHandler()>/i$_$$A_1#_117
<org.springframework.boot.loader.jar.Handler: java.net.URLStreamHandler getFallbackHandler()>/i$_$$A_2#_116
<org.springframework.boot.loader.jar.ZipInflaterInputStream: int read(byte[],int,int)>/$stack6
<org.springframework.boot.loader.jar.ZipInflaterInputStream: int read(byte[],int,int)>/$stack7
<org.springframework.boot.loader.LaunchedURLClassLoader: java.lang.Class loadClass(java.lang.String,boolean)>/loadedClass_$$A_2#_147
<org.springframework.boot.loader.LaunchedURLClassLoader: java.lang.Class loadClass(java.lang.String,boolean)>/loadedClass_$$A_4#_143
<org.springframework.boot.loader.jar.Bytes: boolean fill(java.io.InputStream,byte[],int,int)>/offset_$$A_1#_1
<org.springframework.boot.loader.jar.Bytes: boolean fill(java.io.InputStream,byte[],int,int)>/offset_$$A_2#_66
<org.springframework.boot.loader.jar.Bytes: long littleEndianValue(byte[],int,int)>/$stack10
<org.springframework.boot.loader.jar.Bytes: long littleEndianValue(byte[],int,int)>/i_$$A_1#_75
<org.springframework.boot.loader.jar.Bytes: long littleEndianValue(byte[],int,int)>/value_$$A_1#_75
<org.springframework.boot.loader.jar.Bytes: long littleEndianValue(byte[],int,int)>/value_$$A_2#_75
<org.springframework.boot.loader.jar.Bytes: long littleEndianValue(byte[],int,int)>/i_$$A_2#_74
<smpl.ordering.repositories.mongodb.models.QuoteDetails: smpl.ordering.models.Quote toQuote()>/l4_$$A_1#_80
<smpl.ordering.repositories.mongodb.models.QuoteDetails: smpl.ordering.models.Quote toQuote()>/l4_$$A_2#_79
<smpl.ordering.repositories.mock.MockShipmentRepository: boolean updateShipment(smpl.ordering.models.ShipmentRecord)>/i_$$A_1#_106
<smpl.ordering.repositories.mock.MockShipmentRepository: boolean updateShipment(smpl.ordering.models.ShipmentRecord)>/i_$$A_2#_105
